25-11-18 12:31:23.910 :   task: SwinIR_TFG_PruebaReal
  model: plain
  gpu_ids: [0]
  dist: False
  scale: 4
  n_channels: 3
  path:[
    root: superresolution
    pretrained_netG: model_zoo/swinir/001_classicalSR_DF2K_s64w8_SwinIR-M_x4.pth
    pretrained_netE: None
    task: superresolution\SwinIR_TFG_PruebaReal
    log: superresolution\SwinIR_TFG_PruebaReal
    options: superresolution\SwinIR_TFG_PruebaReal\options
    models: superresolution\SwinIR_TFG_PruebaReal\models
    images: superresolution\SwinIR_TFG_PruebaReal\images
    pretrained_optimizerG: None
  ]
  datasets:[
    train:[
      name: Reg_X_train
      dataset_type: sr
      dataroot_H: ../datasets/Reg_X/train_HR
      dataroot_L: ../datasets/Reg_X/train_LR
      H_size: 256
      dataloader_shuffle: True
      dataloader_num_workers: 4
      dataloader_batch_size: 2
      phase: train
      scale: 4
      n_channels: 3
    ]
  ]
  netG:[
    net_type: swinir
    upscale: 4
    in_chans: 3
    img_size: 64
    window_size: 8
    img_range: 1.0
    depths: [6, 6, 6, 6, 6, 6]
    embed_dim: 180
    num_heads: [6, 6, 6, 6, 6, 6]
    mlp_ratio: 2
    upsampler: pixelshuffle
    resi_connection: 1conv
    init_type: default
    scale: 4
  ]
  train:[
    G_lossfn_type: l1
    G_lossfn_weight: 1.0
    E_decay: 0.999
    G_optimizer_type: adam
    G_optimizer_lr: 1e-05
    G_optimizer_wd: 0
    G_optimizer_reuse: True
    G_scheduler_type: MultiStepLR
    G_scheduler_milestones: [5, 8]
    G_scheduler_gamma: 0.5
    G_param_strict: True
    E_param_strict: True
    checkpoint_test: 11
    checkpoint_save: 10
    checkpoint_print: 1
    F_feature_layer: 34
    F_weights: 1.0
    F_lossfn_type: l1
    F_use_input_norm: True
    F_use_range_norm: False
    G_optimizer_betas: [0.9, 0.999]
    G_scheduler_restart_weights: 1
  ]
  opt_path: options/mi_tfg_satelite_x4.json
  is_train: True
  merge_bn: False
  merge_bn_startpoint: -1
  find_unused_parameters: False
  use_static_graph: False
  num_gpu: 1
  rank: 0
  world_size: 1

25-11-18 12:31:23.983 : Number of train images: 6,166, iters: 3,083
25-11-18 12:31:26.507 : 
Networks name: SwinIR
Params number: 11900199
Net structure:
SwinIR(
  (conv_first): Conv2d(3, 180, kernel_size=(3, 3), stride=(1, 1), padding=(1, 1))
  (patch_embed): PatchEmbed(
    (norm): LayerNorm((180,), eps=1e-05, elementwise_affine=True)
  )
  (patch_unembed): PatchUnEmbed()
  (pos_drop): Dropout(p=0.0, inplace=False)
  (layers): ModuleList(
    (0): RSTB(
      (residual_group): BasicLayer(
        dim=180, input_resolution=(64, 64), depth=6
        (blocks): ModuleList(
          (0): SwinTransformerBlock(
            dim=180, input_resolution=(64, 64), num_heads=6, window_size=8, shift_size=0, mlp_ratio=2
            (norm1): LayerNorm((180,), eps=1e-05, elementwise_affine=True)
            (attn): WindowAttention(
              dim=180, window_size=(8, 8), num_heads=6
              (qkv): Linear(in_features=180, out_features=540, bias=True)
              (attn_drop): Dropout(p=0.0, inplace=False)
              (proj): Linear(in_features=180, out_features=180, bias=True)
              (proj_drop): Dropout(p=0.0, inplace=False)
              (softmax): Softmax(dim=-1)
            )
            (drop_path): Identity()
            (norm2): LayerNorm((180,), eps=1e-05, elementwise_affine=True)
            (mlp): Mlp(
              (fc1): Linear(in_features=180, out_features=360, bias=True)
              (act): GELU(approximate='none')
              (fc2): Linear(in_features=360, out_features=180, bias=True)
              (drop): Dropout(p=0.0, inplace=False)
            )
          )
          (1): SwinTransformerBlock(
            dim=180, input_resolution=(64, 64), num_heads=6, window_size=8, shift_size=4, mlp_ratio=2
            (norm1): LayerNorm((180,), eps=1e-05, elementwise_affine=True)
            (attn): WindowAttention(
              dim=180, window_size=(8, 8), num_heads=6
              (qkv): Linear(in_features=180, out_features=540, bias=True)
              (attn_drop): Dropout(p=0.0, inplace=False)
              (proj): Linear(in_features=180, out_features=180, bias=True)
              (proj_drop): Dropout(p=0.0, inplace=False)
              (softmax): Softmax(dim=-1)
            )
            (drop_path): DropPath(drop_prob=0.003)
            (norm2): LayerNorm((180,), eps=1e-05, elementwise_affine=True)
            (mlp): Mlp(
              (fc1): Linear(in_features=180, out_features=360, bias=True)
              (act): GELU(approximate='none')
              (fc2): Linear(in_features=360, out_features=180, bias=True)
              (drop): Dropout(p=0.0, inplace=False)
            )
          )
          (2): SwinTransformerBlock(
            dim=180, input_resolution=(64, 64), num_heads=6, window_size=8, shift_size=0, mlp_ratio=2
            (norm1): LayerNorm((180,), eps=1e-05, elementwise_affine=True)
            (attn): WindowAttention(
              dim=180, window_size=(8, 8), num_heads=6
              (qkv): Linear(in_features=180, out_features=540, bias=True)
              (attn_drop): Dropout(p=0.0, inplace=False)
              (proj): Linear(in_features=180, out_features=180, bias=True)
              (proj_drop): Dropout(p=0.0, inplace=False)
              (softmax): Softmax(dim=-1)
            )
            (drop_path): DropPath(drop_prob=0.006)
            (norm2): LayerNorm((180,), eps=1e-05, elementwise_affine=True)
            (mlp): Mlp(
              (fc1): Linear(in_features=180, out_features=360, bias=True)
              (act): GELU(approximate='none')
              (fc2): Linear(in_features=360, out_features=180, bias=True)
              (drop): Dropout(p=0.0, inplace=False)
            )
          )
          (3): SwinTransformerBlock(
            dim=180, input_resolution=(64, 64), num_heads=6, window_size=8, shift_size=4, mlp_ratio=2
            (norm1): LayerNorm((180,), eps=1e-05, elementwise_affine=True)
            (attn): WindowAttention(
              dim=180, window_size=(8, 8), num_heads=6
              (qkv): Linear(in_features=180, out_features=540, bias=True)
              (attn_drop): Dropout(p=0.0, inplace=False)
              (proj): Linear(in_features=180, out_features=180, bias=True)
              (proj_drop): Dropout(p=0.0, inplace=False)
              (softmax): Softmax(dim=-1)
            )
            (drop_path): DropPath(drop_prob=0.009)
            (norm2): LayerNorm((180,), eps=1e-05, elementwise_affine=True)
            (mlp): Mlp(
              (fc1): Linear(in_features=180, out_features=360, bias=True)
              (act): GELU(approximate='none')
              (fc2): Linear(in_features=360, out_features=180, bias=True)
              (drop): Dropout(p=0.0, inplace=False)
            )
          )
          (4): SwinTransformerBlock(
            dim=180, input_resolution=(64, 64), num_heads=6, window_size=8, shift_size=0, mlp_ratio=2
            (norm1): LayerNorm((180,), eps=1e-05, elementwise_affine=True)
            (attn): WindowAttention(
              dim=180, window_size=(8, 8), num_heads=6
              (qkv): Linear(in_features=180, out_features=540, bias=True)
              (attn_drop): Dropout(p=0.0, inplace=False)
              (proj): Linear(in_features=180, out_features=180, bias=True)
              (proj_drop): Dropout(p=0.0, inplace=False)
              (softmax): Softmax(dim=-1)
            )
            (drop_path): DropPath(drop_prob=0.011)
            (norm2): LayerNorm((180,), eps=1e-05, elementwise_affine=True)
            (mlp): Mlp(
              (fc1): Linear(in_features=180, out_features=360, bias=True)
              (act): GELU(approximate='none')
              (fc2): Linear(in_features=360, out_features=180, bias=True)
              (drop): Dropout(p=0.0, inplace=False)
            )
          )
          (5): SwinTransformerBlock(
            dim=180, input_resolution=(64, 64), num_heads=6, window_size=8, shift_size=4, mlp_ratio=2
            (norm1): LayerNorm((180,), eps=1e-05, elementwise_affine=True)
            (attn): WindowAttention(
              dim=180, window_size=(8, 8), num_heads=6
              (qkv): Linear(in_features=180, out_features=540, bias=True)
              (attn_drop): Dropout(p=0.0, inplace=False)
              (proj): Linear(in_features=180, out_features=180, bias=True)
              (proj_drop): Dropout(p=0.0, inplace=False)
              (softmax): Softmax(dim=-1)
            )
            (drop_path): DropPath(drop_prob=0.014)
            (norm2): LayerNorm((180,), eps=1e-05, elementwise_affine=True)
            (mlp): Mlp(
              (fc1): Linear(in_features=180, out_features=360, bias=True)
              (act): GELU(approximate='none')
              (fc2): Linear(in_features=360, out_features=180, bias=True)
              (drop): Dropout(p=0.0, inplace=False)
            )
          )
        )
      )
      (conv): Conv2d(180, 180, kernel_size=(3, 3), stride=(1, 1), padding=(1, 1))
      (patch_embed): PatchEmbed()
      (patch_unembed): PatchUnEmbed()
    )
    (1): RSTB(
      (residual_group): BasicLayer(
        dim=180, input_resolution=(64, 64), depth=6
        (blocks): ModuleList(
          (0): SwinTransformerBlock(
            dim=180, input_resolution=(64, 64), num_heads=6, window_size=8, shift_size=0, mlp_ratio=2
            (norm1): LayerNorm((180,), eps=1e-05, elementwise_affine=True)
            (attn): WindowAttention(
              dim=180, window_size=(8, 8), num_heads=6
              (qkv): Linear(in_features=180, out_features=540, bias=True)
              (attn_drop): Dropout(p=0.0, inplace=False)
              (proj): Linear(in_features=180, out_features=180, bias=True)
              (proj_drop): Dropout(p=0.0, inplace=False)
              (softmax): Softmax(dim=-1)
            )
            (drop_path): DropPath(drop_prob=0.017)
            (norm2): LayerNorm((180,), eps=1e-05, elementwise_affine=True)
            (mlp): Mlp(
              (fc1): Linear(in_features=180, out_features=360, bias=True)
              (act): GELU(approximate='none')
              (fc2): Linear(in_features=360, out_features=180, bias=True)
              (drop): Dropout(p=0.0, inplace=False)
            )
          )
          (1): SwinTransformerBlock(
            dim=180, input_resolution=(64, 64), num_heads=6, window_size=8, shift_size=4, mlp_ratio=2
            (norm1): LayerNorm((180,), eps=1e-05, elementwise_affine=True)
            (attn): WindowAttention(
              dim=180, window_size=(8, 8), num_heads=6
              (qkv): Linear(in_features=180, out_features=540, bias=True)
              (attn_drop): Dropout(p=0.0, inplace=False)
              (proj): Linear(in_features=180, out_features=180, bias=True)
              (proj_drop): Dropout(p=0.0, inplace=False)
              (softmax): Softmax(dim=-1)
            )
            (drop_path): DropPath(drop_prob=0.020)
            (norm2): LayerNorm((180,), eps=1e-05, elementwise_affine=True)
            (mlp): Mlp(
              (fc1): Linear(in_features=180, out_features=360, bias=True)
              (act): GELU(approximate='none')
              (fc2): Linear(in_features=360, out_features=180, bias=True)
              (drop): Dropout(p=0.0, inplace=False)
            )
          )
          (2): SwinTransformerBlock(
            dim=180, input_resolution=(64, 64), num_heads=6, window_size=8, shift_size=0, mlp_ratio=2
            (norm1): LayerNorm((180,), eps=1e-05, elementwise_affine=True)
            (attn): WindowAttention(
              dim=180, window_size=(8, 8), num_heads=6
              (qkv): Linear(in_features=180, out_features=540, bias=True)
              (attn_drop): Dropout(p=0.0, inplace=False)
              (proj): Linear(in_features=180, out_features=180, bias=True)
              (proj_drop): Dropout(p=0.0, inplace=False)
              (softmax): Softmax(dim=-1)
            )
            (drop_path): DropPath(drop_prob=0.023)
            (norm2): LayerNorm((180,), eps=1e-05, elementwise_affine=True)
            (mlp): Mlp(
              (fc1): Linear(in_features=180, out_features=360, bias=True)
              (act): GELU(approximate='none')
              (fc2): Linear(in_features=360, out_features=180, bias=True)
              (drop): Dropout(p=0.0, inplace=False)
            )
          )
          (3): SwinTransformerBlock(
            dim=180, input_resolution=(64, 64), num_heads=6, window_size=8, shift_size=4, mlp_ratio=2
            (norm1): LayerNorm((180,), eps=1e-05, elementwise_affine=True)
            (attn): WindowAttention(
              dim=180, window_size=(8, 8), num_heads=6
              (qkv): Linear(in_features=180, out_features=540, bias=True)
              (attn_drop): Dropout(p=0.0, inplace=False)
              (proj): Linear(in_features=180, out_features=180, bias=True)
              (proj_drop): Dropout(p=0.0, inplace=False)
              (softmax): Softmax(dim=-1)
            )
            (drop_path): DropPath(drop_prob=0.026)
            (norm2): LayerNorm((180,), eps=1e-05, elementwise_affine=True)
            (mlp): Mlp(
              (fc1): Linear(in_features=180, out_features=360, bias=True)
              (act): GELU(approximate='none')
              (fc2): Linear(in_features=360, out_features=180, bias=True)
              (drop): Dropout(p=0.0, inplace=False)
            )
          )
          (4): SwinTransformerBlock(
            dim=180, input_resolution=(64, 64), num_heads=6, window_size=8, shift_size=0, mlp_ratio=2
            (norm1): LayerNorm((180,), eps=1e-05, elementwise_affine=True)
            (attn): WindowAttention(
              dim=180, window_size=(8, 8), num_heads=6
              (qkv): Linear(in_features=180, out_features=540, bias=True)
              (attn_drop): Dropout(p=0.0, inplace=False)
              (proj): Linear(in_features=180, out_features=180, bias=True)
              (proj_drop): Dropout(p=0.0, inplace=False)
              (softmax): Softmax(dim=-1)
            )
            (drop_path): DropPath(drop_prob=0.029)
            (norm2): LayerNorm((180,), eps=1e-05, elementwise_affine=True)
            (mlp): Mlp(
              (fc1): Linear(in_features=180, out_features=360, bias=True)
              (act): GELU(approximate='none')
              (fc2): Linear(in_features=360, out_features=180, bias=True)
              (drop): Dropout(p=0.0, inplace=False)
            )
          )
          (5): SwinTransformerBlock(
            dim=180, input_resolution=(64, 64), num_heads=6, window_size=8, shift_size=4, mlp_ratio=2
            (norm1): LayerNorm((180,), eps=1e-05, elementwise_affine=True)
            (attn): WindowAttention(
              dim=180, window_size=(8, 8), num_heads=6
              (qkv): Linear(in_features=180, out_features=540, bias=True)
              (attn_drop): Dropout(p=0.0, inplace=False)
              (proj): Linear(in_features=180, out_features=180, bias=True)
              (proj_drop): Dropout(p=0.0, inplace=False)
              (softmax): Softmax(dim=-1)
            )
            (drop_path): DropPath(drop_prob=0.031)
            (norm2): LayerNorm((180,), eps=1e-05, elementwise_affine=True)
            (mlp): Mlp(
              (fc1): Linear(in_features=180, out_features=360, bias=True)
              (act): GELU(approximate='none')
              (fc2): Linear(in_features=360, out_features=180, bias=True)
              (drop): Dropout(p=0.0, inplace=False)
            )
          )
        )
      )
      (conv): Conv2d(180, 180, kernel_size=(3, 3), stride=(1, 1), padding=(1, 1))
      (patch_embed): PatchEmbed()
      (patch_unembed): PatchUnEmbed()
    )
    (2): RSTB(
      (residual_group): BasicLayer(
        dim=180, input_resolution=(64, 64), depth=6
        (blocks): ModuleList(
          (0): SwinTransformerBlock(
            dim=180, input_resolution=(64, 64), num_heads=6, window_size=8, shift_size=0, mlp_ratio=2
            (norm1): LayerNorm((180,), eps=1e-05, elementwise_affine=True)
            (attn): WindowAttention(
              dim=180, window_size=(8, 8), num_heads=6
              (qkv): Linear(in_features=180, out_features=540, bias=True)
              (attn_drop): Dropout(p=0.0, inplace=False)
              (proj): Linear(in_features=180, out_features=180, bias=True)
              (proj_drop): Dropout(p=0.0, inplace=False)
              (softmax): Softmax(dim=-1)
            )
            (drop_path): DropPath(drop_prob=0.034)
            (norm2): LayerNorm((180,), eps=1e-05, elementwise_affine=True)
            (mlp): Mlp(
              (fc1): Linear(in_features=180, out_features=360, bias=True)
              (act): GELU(approximate='none')
              (fc2): Linear(in_features=360, out_features=180, bias=True)
              (drop): Dropout(p=0.0, inplace=False)
            )
          )
          (1): SwinTransformerBlock(
            dim=180, input_resolution=(64, 64), num_heads=6, window_size=8, shift_size=4, mlp_ratio=2
            (norm1): LayerNorm((180,), eps=1e-05, elementwise_affine=True)
            (attn): WindowAttention(
              dim=180, window_size=(8, 8), num_heads=6
              (qkv): Linear(in_features=180, out_features=540, bias=True)
              (attn_drop): Dropout(p=0.0, inplace=False)
              (proj): Linear(in_features=180, out_features=180, bias=True)
              (proj_drop): Dropout(p=0.0, inplace=False)
              (softmax): Softmax(dim=-1)
            )
            (drop_path): DropPath(drop_prob=0.037)
            (norm2): LayerNorm((180,), eps=1e-05, elementwise_affine=True)
            (mlp): Mlp(
              (fc1): Linear(in_features=180, out_features=360, bias=True)
              (act): GELU(approximate='none')
              (fc2): Linear(in_features=360, out_features=180, bias=True)
              (drop): Dropout(p=0.0, inplace=False)
            )
          )
          (2): SwinTransformerBlock(
            dim=180, input_resolution=(64, 64), num_heads=6, window_size=8, shift_size=0, mlp_ratio=2
            (norm1): LayerNorm((180,), eps=1e-05, elementwise_affine=True)
            (attn): WindowAttention(
              dim=180, window_size=(8, 8), num_heads=6
              (qkv): Linear(in_features=180, out_features=540, bias=True)
              (attn_drop): Dropout(p=0.0, inplace=False)
              (proj): Linear(in_features=180, out_features=180, bias=True)
              (proj_drop): Dropout(p=0.0, inplace=False)
              (softmax): Softmax(dim=-1)
            )
            (drop_path): DropPath(drop_prob=0.040)
            (norm2): LayerNorm((180,), eps=1e-05, elementwise_affine=True)
            (mlp): Mlp(
              (fc1): Linear(in_features=180, out_features=360, bias=True)
              (act): GELU(approximate='none')
              (fc2): Linear(in_features=360, out_features=180, bias=True)
              (drop): Dropout(p=0.0, inplace=False)
            )
          )
          (3): SwinTransformerBlock(
            dim=180, input_resolution=(64, 64), num_heads=6, window_size=8, shift_size=4, mlp_ratio=2
            (norm1): LayerNorm((180,), eps=1e-05, elementwise_affine=True)
            (attn): WindowAttention(
              dim=180, window_size=(8, 8), num_heads=6
              (qkv): Linear(in_features=180, out_features=540, bias=True)
              (attn_drop): Dropout(p=0.0, inplace=False)
              (proj): Linear(in_features=180, out_features=180, bias=True)
              (proj_drop): Dropout(p=0.0, inplace=False)
              (softmax): Softmax(dim=-1)
            )
            (drop_path): DropPath(drop_prob=0.043)
            (norm2): LayerNorm((180,), eps=1e-05, elementwise_affine=True)
            (mlp): Mlp(
              (fc1): Linear(in_features=180, out_features=360, bias=True)
              (act): GELU(approximate='none')
              (fc2): Linear(in_features=360, out_features=180, bias=True)
              (drop): Dropout(p=0.0, inplace=False)
            )
          )
          (4): SwinTransformerBlock(
            dim=180, input_resolution=(64, 64), num_heads=6, window_size=8, shift_size=0, mlp_ratio=2
            (norm1): LayerNorm((180,), eps=1e-05, elementwise_affine=True)
            (attn): WindowAttention(
              dim=180, window_size=(8, 8), num_heads=6
              (qkv): Linear(in_features=180, out_features=540, bias=True)
              (attn_drop): Dropout(p=0.0, inplace=False)
              (proj): Linear(in_features=180, out_features=180, bias=True)
              (proj_drop): Dropout(p=0.0, inplace=False)
              (softmax): Softmax(dim=-1)
            )
            (drop_path): DropPath(drop_prob=0.046)
            (norm2): LayerNorm((180,), eps=1e-05, elementwise_affine=True)
            (mlp): Mlp(
              (fc1): Linear(in_features=180, out_features=360, bias=True)
              (act): GELU(approximate='none')
              (fc2): Linear(in_features=360, out_features=180, bias=True)
              (drop): Dropout(p=0.0, inplace=False)
            )
          )
          (5): SwinTransformerBlock(
            dim=180, input_resolution=(64, 64), num_heads=6, window_size=8, shift_size=4, mlp_ratio=2
            (norm1): LayerNorm((180,), eps=1e-05, elementwise_affine=True)
            (attn): WindowAttention(
              dim=180, window_size=(8, 8), num_heads=6
              (qkv): Linear(in_features=180, out_features=540, bias=True)
              (attn_drop): Dropout(p=0.0, inplace=False)
              (proj): Linear(in_features=180, out_features=180, bias=True)
              (proj_drop): Dropout(p=0.0, inplace=False)
              (softmax): Softmax(dim=-1)
            )
            (drop_path): DropPath(drop_prob=0.049)
            (norm2): LayerNorm((180,), eps=1e-05, elementwise_affine=True)
            (mlp): Mlp(
              (fc1): Linear(in_features=180, out_features=360, bias=True)
              (act): GELU(approximate='none')
              (fc2): Linear(in_features=360, out_features=180, bias=True)
              (drop): Dropout(p=0.0, inplace=False)
            )
          )
        )
      )
      (conv): Conv2d(180, 180, kernel_size=(3, 3), stride=(1, 1), padding=(1, 1))
      (patch_embed): PatchEmbed()
      (patch_unembed): PatchUnEmbed()
    )
    (3): RSTB(
      (residual_group): BasicLayer(
        dim=180, input_resolution=(64, 64), depth=6
        (blocks): ModuleList(
          (0): SwinTransformerBlock(
            dim=180, input_resolution=(64, 64), num_heads=6, window_size=8, shift_size=0, mlp_ratio=2
            (norm1): LayerNorm((180,), eps=1e-05, elementwise_affine=True)
            (attn): WindowAttention(
              dim=180, window_size=(8, 8), num_heads=6
              (qkv): Linear(in_features=180, out_features=540, bias=True)
              (attn_drop): Dropout(p=0.0, inplace=False)
              (proj): Linear(in_features=180, out_features=180, bias=True)
              (proj_drop): Dropout(p=0.0, inplace=False)
              (softmax): Softmax(dim=-1)
            )
            (drop_path): DropPath(drop_prob=0.051)
            (norm2): LayerNorm((180,), eps=1e-05, elementwise_affine=True)
            (mlp): Mlp(
              (fc1): Linear(in_features=180, out_features=360, bias=True)
              (act): GELU(approximate='none')
              (fc2): Linear(in_features=360, out_features=180, bias=True)
              (drop): Dropout(p=0.0, inplace=False)
            )
          )
          (1): SwinTransformerBlock(
            dim=180, input_resolution=(64, 64), num_heads=6, window_size=8, shift_size=4, mlp_ratio=2
            (norm1): LayerNorm((180,), eps=1e-05, elementwise_affine=True)
            (attn): WindowAttention(
              dim=180, window_size=(8, 8), num_heads=6
              (qkv): Linear(in_features=180, out_features=540, bias=True)
              (attn_drop): Dropout(p=0.0, inplace=False)
              (proj): Linear(in_features=180, out_features=180, bias=True)
              (proj_drop): Dropout(p=0.0, inplace=False)
              (softmax): Softmax(dim=-1)
            )
            (drop_path): DropPath(drop_prob=0.054)
            (norm2): LayerNorm((180,), eps=1e-05, elementwise_affine=True)
            (mlp): Mlp(
              (fc1): Linear(in_features=180, out_features=360, bias=True)
              (act): GELU(approximate='none')
              (fc2): Linear(in_features=360, out_features=180, bias=True)
              (drop): Dropout(p=0.0, inplace=False)
            )
          )
          (2): SwinTransformerBlock(
            dim=180, input_resolution=(64, 64), num_heads=6, window_size=8, shift_size=0, mlp_ratio=2
            (norm1): LayerNorm((180,), eps=1e-05, elementwise_affine=True)
            (attn): WindowAttention(
              dim=180, window_size=(8, 8), num_heads=6
              (qkv): Linear(in_features=180, out_features=540, bias=True)
              (attn_drop): Dropout(p=0.0, inplace=False)
              (proj): Linear(in_features=180, out_features=180, bias=True)
              (proj_drop): Dropout(p=0.0, inplace=False)
              (softmax): Softmax(dim=-1)
            )
            (drop_path): DropPath(drop_prob=0.057)
            (norm2): LayerNorm((180,), eps=1e-05, elementwise_affine=True)
            (mlp): Mlp(
              (fc1): Linear(in_features=180, out_features=360, bias=True)
              (act): GELU(approximate='none')
              (fc2): Linear(in_features=360, out_features=180, bias=True)
              (drop): Dropout(p=0.0, inplace=False)
            )
          )
          (3): SwinTransformerBlock(
            dim=180, input_resolution=(64, 64), num_heads=6, window_size=8, shift_size=4, mlp_ratio=2
            (norm1): LayerNorm((180,), eps=1e-05, elementwise_affine=True)
            (attn): WindowAttention(
              dim=180, window_size=(8, 8), num_heads=6
              (qkv): Linear(in_features=180, out_features=540, bias=True)
              (attn_drop): Dropout(p=0.0, inplace=False)
              (proj): Linear(in_features=180, out_features=180, bias=True)
              (proj_drop): Dropout(p=0.0, inplace=False)
              (softmax): Softmax(dim=-1)
            )
            (drop_path): DropPath(drop_prob=0.060)
            (norm2): LayerNorm((180,), eps=1e-05, elementwise_affine=True)
            (mlp): Mlp(
              (fc1): Linear(in_features=180, out_features=360, bias=True)
              (act): GELU(approximate='none')
              (fc2): Linear(in_features=360, out_features=180, bias=True)
              (drop): Dropout(p=0.0, inplace=False)
            )
          )
          (4): SwinTransformerBlock(
            dim=180, input_resolution=(64, 64), num_heads=6, window_size=8, shift_size=0, mlp_ratio=2
            (norm1): LayerNorm((180,), eps=1e-05, elementwise_affine=True)
            (attn): WindowAttention(
              dim=180, window_size=(8, 8), num_heads=6
              (qkv): Linear(in_features=180, out_features=540, bias=True)
              (attn_drop): Dropout(p=0.0, inplace=False)
              (proj): Linear(in_features=180, out_features=180, bias=True)
              (proj_drop): Dropout(p=0.0, inplace=False)
              (softmax): Softmax(dim=-1)
            )
            (drop_path): DropPath(drop_prob=0.063)
            (norm2): LayerNorm((180,), eps=1e-05, elementwise_affine=True)
            (mlp): Mlp(
              (fc1): Linear(in_features=180, out_features=360, bias=True)
              (act): GELU(approximate='none')
              (fc2): Linear(in_features=360, out_features=180, bias=True)
              (drop): Dropout(p=0.0, inplace=False)
            )
          )
          (5): SwinTransformerBlock(
            dim=180, input_resolution=(64, 64), num_heads=6, window_size=8, shift_size=4, mlp_ratio=2
            (norm1): LayerNorm((180,), eps=1e-05, elementwise_affine=True)
            (attn): WindowAttention(
              dim=180, window_size=(8, 8), num_heads=6
              (qkv): Linear(in_features=180, out_features=540, bias=True)
              (attn_drop): Dropout(p=0.0, inplace=False)
              (proj): Linear(in_features=180, out_features=180, bias=True)
              (proj_drop): Dropout(p=0.0, inplace=False)
              (softmax): Softmax(dim=-1)
            )
            (drop_path): DropPath(drop_prob=0.066)
            (norm2): LayerNorm((180,), eps=1e-05, elementwise_affine=True)
            (mlp): Mlp(
              (fc1): Linear(in_features=180, out_features=360, bias=True)
              (act): GELU(approximate='none')
              (fc2): Linear(in_features=360, out_features=180, bias=True)
              (drop): Dropout(p=0.0, inplace=False)
            )
          )
        )
      )
      (conv): Conv2d(180, 180, kernel_size=(3, 3), stride=(1, 1), padding=(1, 1))
      (patch_embed): PatchEmbed()
      (patch_unembed): PatchUnEmbed()
    )
    (4): RSTB(
      (residual_group): BasicLayer(
        dim=180, input_resolution=(64, 64), depth=6
        (blocks): ModuleList(
          (0): SwinTransformerBlock(
            dim=180, input_resolution=(64, 64), num_heads=6, window_size=8, shift_size=0, mlp_ratio=2
            (norm1): LayerNorm((180,), eps=1e-05, elementwise_affine=True)
            (attn): WindowAttention(
              dim=180, window_size=(8, 8), num_heads=6
              (qkv): Linear(in_features=180, out_features=540, bias=True)
              (attn_drop): Dropout(p=0.0, inplace=False)
              (proj): Linear(in_features=180, out_features=180, bias=True)
              (proj_drop): Dropout(p=0.0, inplace=False)
              (softmax): Softmax(dim=-1)
            )
            (drop_path): DropPath(drop_prob=0.069)
            (norm2): LayerNorm((180,), eps=1e-05, elementwise_affine=True)
            (mlp): Mlp(
              (fc1): Linear(in_features=180, out_features=360, bias=True)
              (act): GELU(approximate='none')
              (fc2): Linear(in_features=360, out_features=180, bias=True)
              (drop): Dropout(p=0.0, inplace=False)
            )
          )
          (1): SwinTransformerBlock(
            dim=180, input_resolution=(64, 64), num_heads=6, window_size=8, shift_size=4, mlp_ratio=2
            (norm1): LayerNorm((180,), eps=1e-05, elementwise_affine=True)
            (attn): WindowAttention(
              dim=180, window_size=(8, 8), num_heads=6
              (qkv): Linear(in_features=180, out_features=540, bias=True)
              (attn_drop): Dropout(p=0.0, inplace=False)
              (proj): Linear(in_features=180, out_features=180, bias=True)
              (proj_drop): Dropout(p=0.0, inplace=False)
              (softmax): Softmax(dim=-1)
            )
            (drop_path): DropPath(drop_prob=0.071)
            (norm2): LayerNorm((180,), eps=1e-05, elementwise_affine=True)
            (mlp): Mlp(
              (fc1): Linear(in_features=180, out_features=360, bias=True)
              (act): GELU(approximate='none')
              (fc2): Linear(in_features=360, out_features=180, bias=True)
              (drop): Dropout(p=0.0, inplace=False)
            )
          )
          (2): SwinTransformerBlock(
            dim=180, input_resolution=(64, 64), num_heads=6, window_size=8, shift_size=0, mlp_ratio=2
            (norm1): LayerNorm((180,), eps=1e-05, elementwise_affine=True)
            (attn): WindowAttention(
              dim=180, window_size=(8, 8), num_heads=6
              (qkv): Linear(in_features=180, out_features=540, bias=True)
              (attn_drop): Dropout(p=0.0, inplace=False)
              (proj): Linear(in_features=180, out_features=180, bias=True)
              (proj_drop): Dropout(p=0.0, inplace=False)
              (softmax): Softmax(dim=-1)
            )
            (drop_path): DropPath(drop_prob=0.074)
            (norm2): LayerNorm((180,), eps=1e-05, elementwise_affine=True)
            (mlp): Mlp(
              (fc1): Linear(in_features=180, out_features=360, bias=True)
              (act): GELU(approximate='none')
              (fc2): Linear(in_features=360, out_features=180, bias=True)
              (drop): Dropout(p=0.0, inplace=False)
            )
          )
          (3): SwinTransformerBlock(
            dim=180, input_resolution=(64, 64), num_heads=6, window_size=8, shift_size=4, mlp_ratio=2
            (norm1): LayerNorm((180,), eps=1e-05, elementwise_affine=True)
            (attn): WindowAttention(
              dim=180, window_size=(8, 8), num_heads=6
              (qkv): Linear(in_features=180, out_features=540, bias=True)
              (attn_drop): Dropout(p=0.0, inplace=False)
              (proj): Linear(in_features=180, out_features=180, bias=True)
              (proj_drop): Dropout(p=0.0, inplace=False)
              (softmax): Softmax(dim=-1)
            )
            (drop_path): DropPath(drop_prob=0.077)
            (norm2): LayerNorm((180,), eps=1e-05, elementwise_affine=True)
            (mlp): Mlp(
              (fc1): Linear(in_features=180, out_features=360, bias=True)
              (act): GELU(approximate='none')
              (fc2): Linear(in_features=360, out_features=180, bias=True)
              (drop): Dropout(p=0.0, inplace=False)
            )
          )
          (4): SwinTransformerBlock(
            dim=180, input_resolution=(64, 64), num_heads=6, window_size=8, shift_size=0, mlp_ratio=2
            (norm1): LayerNorm((180,), eps=1e-05, elementwise_affine=True)
            (attn): WindowAttention(
              dim=180, window_size=(8, 8), num_heads=6
              (qkv): Linear(in_features=180, out_features=540, bias=True)
              (attn_drop): Dropout(p=0.0, inplace=False)
              (proj): Linear(in_features=180, out_features=180, bias=True)
              (proj_drop): Dropout(p=0.0, inplace=False)
              (softmax): Softmax(dim=-1)
            )
            (drop_path): DropPath(drop_prob=0.080)
            (norm2): LayerNorm((180,), eps=1e-05, elementwise_affine=True)
            (mlp): Mlp(
              (fc1): Linear(in_features=180, out_features=360, bias=True)
              (act): GELU(approximate='none')
              (fc2): Linear(in_features=360, out_features=180, bias=True)
              (drop): Dropout(p=0.0, inplace=False)
            )
          )
          (5): SwinTransformerBlock(
            dim=180, input_resolution=(64, 64), num_heads=6, window_size=8, shift_size=4, mlp_ratio=2
            (norm1): LayerNorm((180,), eps=1e-05, elementwise_affine=True)
            (attn): WindowAttention(
              dim=180, window_size=(8, 8), num_heads=6
              (qkv): Linear(in_features=180, out_features=540, bias=True)
              (attn_drop): Dropout(p=0.0, inplace=False)
              (proj): Linear(in_features=180, out_features=180, bias=True)
              (proj_drop): Dropout(p=0.0, inplace=False)
              (softmax): Softmax(dim=-1)
            )
            (drop_path): DropPath(drop_prob=0.083)
            (norm2): LayerNorm((180,), eps=1e-05, elementwise_affine=True)
            (mlp): Mlp(
              (fc1): Linear(in_features=180, out_features=360, bias=True)
              (act): GELU(approximate='none')
              (fc2): Linear(in_features=360, out_features=180, bias=True)
              (drop): Dropout(p=0.0, inplace=False)
            )
          )
        )
      )
      (conv): Conv2d(180, 180, kernel_size=(3, 3), stride=(1, 1), padding=(1, 1))
      (patch_embed): PatchEmbed()
      (patch_unembed): PatchUnEmbed()
    )
    (5): RSTB(
      (residual_group): BasicLayer(
        dim=180, input_resolution=(64, 64), depth=6
        (blocks): ModuleList(
          (0): SwinTransformerBlock(
            dim=180, input_resolution=(64, 64), num_heads=6, window_size=8, shift_size=0, mlp_ratio=2
            (norm1): LayerNorm((180,), eps=1e-05, elementwise_affine=True)
            (attn): WindowAttention(
              dim=180, window_size=(8, 8), num_heads=6
              (qkv): Linear(in_features=180, out_features=540, bias=True)
              (attn_drop): Dropout(p=0.0, inplace=False)
              (proj): Linear(in_features=180, out_features=180, bias=True)
              (proj_drop): Dropout(p=0.0, inplace=False)
              (softmax): Softmax(dim=-1)
            )
            (drop_path): DropPath(drop_prob=0.086)
            (norm2): LayerNorm((180,), eps=1e-05, elementwise_affine=True)
            (mlp): Mlp(
              (fc1): Linear(in_features=180, out_features=360, bias=True)
              (act): GELU(approximate='none')
              (fc2): Linear(in_features=360, out_features=180, bias=True)
              (drop): Dropout(p=0.0, inplace=False)
            )
          )
          (1): SwinTransformerBlock(
            dim=180, input_resolution=(64, 64), num_heads=6, window_size=8, shift_size=4, mlp_ratio=2
            (norm1): LayerNorm((180,), eps=1e-05, elementwise_affine=True)
            (attn): WindowAttention(
              dim=180, window_size=(8, 8), num_heads=6
              (qkv): Linear(in_features=180, out_features=540, bias=True)
              (attn_drop): Dropout(p=0.0, inplace=False)
              (proj): Linear(in_features=180, out_features=180, bias=True)
              (proj_drop): Dropout(p=0.0, inplace=False)
              (softmax): Softmax(dim=-1)
            )
            (drop_path): DropPath(drop_prob=0.089)
            (norm2): LayerNorm((180,), eps=1e-05, elementwise_affine=True)
            (mlp): Mlp(
              (fc1): Linear(in_features=180, out_features=360, bias=True)
              (act): GELU(approximate='none')
              (fc2): Linear(in_features=360, out_features=180, bias=True)
              (drop): Dropout(p=0.0, inplace=False)
            )
          )
          (2): SwinTransformerBlock(
            dim=180, input_resolution=(64, 64), num_heads=6, window_size=8, shift_size=0, mlp_ratio=2
            (norm1): LayerNorm((180,), eps=1e-05, elementwise_affine=True)
            (attn): WindowAttention(
              dim=180, window_size=(8, 8), num_heads=6
              (qkv): Linear(in_features=180, out_features=540, bias=True)
              (attn_drop): Dropout(p=0.0, inplace=False)
              (proj): Linear(in_features=180, out_features=180, bias=True)
              (proj_drop): Dropout(p=0.0, inplace=False)
              (softmax): Softmax(dim=-1)
            )
            (drop_path): DropPath(drop_prob=0.091)
            (norm2): LayerNorm((180,), eps=1e-05, elementwise_affine=True)
            (mlp): Mlp(
              (fc1): Linear(in_features=180, out_features=360, bias=True)
              (act): GELU(approximate='none')
              (fc2): Linear(in_features=360, out_features=180, bias=True)
              (drop): Dropout(p=0.0, inplace=False)
            )
          )
          (3): SwinTransformerBlock(
            dim=180, input_resolution=(64, 64), num_heads=6, window_size=8, shift_size=4, mlp_ratio=2
            (norm1): LayerNorm((180,), eps=1e-05, elementwise_affine=True)
            (attn): WindowAttention(
              dim=180, window_size=(8, 8), num_heads=6
              (qkv): Linear(in_features=180, out_features=540, bias=True)
              (attn_drop): Dropout(p=0.0, inplace=False)
              (proj): Linear(in_features=180, out_features=180, bias=True)
              (proj_drop): Dropout(p=0.0, inplace=False)
              (softmax): Softmax(dim=-1)
            )
            (drop_path): DropPath(drop_prob=0.094)
            (norm2): LayerNorm((180,), eps=1e-05, elementwise_affine=True)
            (mlp): Mlp(
              (fc1): Linear(in_features=180, out_features=360, bias=True)
              (act): GELU(approximate='none')
              (fc2): Linear(in_features=360, out_features=180, bias=True)
              (drop): Dropout(p=0.0, inplace=False)
            )
          )
          (4): SwinTransformerBlock(
            dim=180, input_resolution=(64, 64), num_heads=6, window_size=8, shift_size=0, mlp_ratio=2
            (norm1): LayerNorm((180,), eps=1e-05, elementwise_affine=True)
            (attn): WindowAttention(
              dim=180, window_size=(8, 8), num_heads=6
              (qkv): Linear(in_features=180, out_features=540, bias=True)
              (attn_drop): Dropout(p=0.0, inplace=False)
              (proj): Linear(in_features=180, out_features=180, bias=True)
              (proj_drop): Dropout(p=0.0, inplace=False)
              (softmax): Softmax(dim=-1)
            )
            (drop_path): DropPath(drop_prob=0.097)
            (norm2): LayerNorm((180,), eps=1e-05, elementwise_affine=True)
            (mlp): Mlp(
              (fc1): Linear(in_features=180, out_features=360, bias=True)
              (act): GELU(approximate='none')
              (fc2): Linear(in_features=360, out_features=180, bias=True)
              (drop): Dropout(p=0.0, inplace=False)
            )
          )
          (5): SwinTransformerBlock(
            dim=180, input_resolution=(64, 64), num_heads=6, window_size=8, shift_size=4, mlp_ratio=2
            (norm1): LayerNorm((180,), eps=1e-05, elementwise_affine=True)
            (attn): WindowAttention(
              dim=180, window_size=(8, 8), num_heads=6
              (qkv): Linear(in_features=180, out_features=540, bias=True)
              (attn_drop): Dropout(p=0.0, inplace=False)
              (proj): Linear(in_features=180, out_features=180, bias=True)
              (proj_drop): Dropout(p=0.0, inplace=False)
              (softmax): Softmax(dim=-1)
            )
            (drop_path): DropPath(drop_prob=0.100)
            (norm2): LayerNorm((180,), eps=1e-05, elementwise_affine=True)
            (mlp): Mlp(
              (fc1): Linear(in_features=180, out_features=360, bias=True)
              (act): GELU(approximate='none')
              (fc2): Linear(in_features=360, out_features=180, bias=True)
              (drop): Dropout(p=0.0, inplace=False)
            )
          )
        )
      )
      (conv): Conv2d(180, 180, kernel_size=(3, 3), stride=(1, 1), padding=(1, 1))
      (patch_embed): PatchEmbed()
      (patch_unembed): PatchUnEmbed()
    )
  )
  (norm): LayerNorm((180,), eps=1e-05, elementwise_affine=True)
  (conv_after_body): Conv2d(180, 180, kernel_size=(3, 3), stride=(1, 1), padding=(1, 1))
  (conv_before_upsample): Sequential(
    (0): Conv2d(180, 64, kernel_size=(3, 3), stride=(1, 1), padding=(1, 1))
    (1): LeakyReLU(negative_slope=0.01, inplace=True)
  )
  (upsample): Upsample(
    (0): Conv2d(64, 256, kernel_size=(3, 3), stride=(1, 1), padding=(1, 1))
    (1): PixelShuffle(upscale_factor=2)
    (2): Conv2d(64, 256, kernel_size=(3, 3), stride=(1, 1), padding=(1, 1))
    (3): PixelShuffle(upscale_factor=2)
  )
  (conv_last): Conv2d(64, 3, kernel_size=(3, 3), stride=(1, 1), padding=(1, 1))
)

25-11-18 12:31:26.669 : 
 |  mean  |  min   |  max   |  std   || shape               
 |  0.001 | -0.723 |  0.829 |  0.141 | torch.Size([180, 3, 3, 3]) || conv_first.weight
 |  0.008 | -0.558 |  0.520 |  0.120 | torch.Size([180]) || conv_first.bias
 |  1.184 |  0.811 |  2.164 |  0.210 | torch.Size([180]) || patch_embed.norm.weight
 |  0.006 | -1.008 |  0.980 |  0.161 | torch.Size([180]) || patch_embed.norm.bias
 |  0.413 |  0.005 |  0.720 |  0.159 | torch.Size([180]) || layers.0.residual_group.blocks.0.norm1.weight
 | -0.004 | -0.773 |  0.792 |  0.264 | torch.Size([180]) || layers.0.residual_group.blocks.0.norm1.bias
 | -0.129 | -3.350 |  1.889 |  0.311 | torch.Size([225, 6]) || layers.0.residual_group.blocks.0.attn.relative_position_bias_table
 | 112.000 |  0.000 | 224.000 | 48.719 | torch.Size([64, 64]) || layers.0.residual_group.blocks.0.attn.relative_position_index
 |  0.000 | -1.106 |  1.105 |  0.096 | torch.Size([540, 180]) || layers.0.residual_group.blocks.0.attn.qkv.weight
 | -0.000 | -0.871 |  0.848 |  0.213 | torch.Size([540]) || layers.0.residual_group.blocks.0.attn.qkv.bias
 | -0.000 | -0.684 |  0.658 |  0.085 | torch.Size([180, 180]) || layers.0.residual_group.blocks.0.attn.proj.weight
 | -0.001 | -0.954 |  0.468 |  0.122 | torch.Size([180]) || layers.0.residual_group.blocks.0.attn.proj.bias
 |  0.600 |  0.000 |  1.092 |  0.206 | torch.Size([180]) || layers.0.residual_group.blocks.0.norm2.weight
 | -0.012 | -0.531 |  0.498 |  0.219 | torch.Size([180]) || layers.0.residual_group.blocks.0.norm2.bias
 |  0.001 | -0.602 |  0.653 |  0.087 | torch.Size([360, 180]) || layers.0.residual_group.blocks.0.mlp.fc1.weight
 | -0.050 | -0.297 |  0.209 |  0.073 | torch.Size([360]) || layers.0.residual_group.blocks.0.mlp.fc1.bias
 | -0.001 | -0.899 |  1.427 |  0.095 | torch.Size([180, 360]) || layers.0.residual_group.blocks.0.mlp.fc2.weight
 | -0.002 | -0.907 |  0.170 |  0.101 | torch.Size([180]) || layers.0.residual_group.blocks.0.mlp.fc2.bias
 | -12.109 | -100.000 |  0.000 | 32.624 | torch.Size([64, 64, 64]) || layers.0.residual_group.blocks.1.attn_mask
 |  0.497 |  0.140 |  0.812 |  0.151 | torch.Size([180]) || layers.0.residual_group.blocks.1.norm1.weight
 | -0.017 | -0.703 |  0.862 |  0.237 | torch.Size([180]) || layers.0.residual_group.blocks.1.norm1.bias
 | -0.209 | -3.002 |  1.992 |  0.376 | torch.Size([225, 6]) || layers.0.residual_group.blocks.1.attn.relative_position_bias_table
 | 112.000 |  0.000 | 224.000 | 48.719 | torch.Size([64, 64]) || layers.0.residual_group.blocks.1.attn.relative_position_index
 |  0.000 | -0.829 |  0.860 |  0.133 | torch.Size([540, 180]) || layers.0.residual_group.blocks.1.attn.qkv.weight
 | -0.003 | -0.998 |  1.064 |  0.240 | torch.Size([540]) || layers.0.residual_group.blocks.1.attn.qkv.bias
 |  0.001 | -0.558 |  0.524 |  0.091 | torch.Size([180, 180]) || layers.0.residual_group.blocks.1.attn.proj.weight
 | -0.004 | -0.628 |  0.277 |  0.101 | torch.Size([180]) || layers.0.residual_group.blocks.1.attn.proj.bias
 |  0.605 |  0.306 |  1.104 |  0.154 | torch.Size([180]) || layers.0.residual_group.blocks.1.norm2.weight
 | -0.018 | -0.436 |  0.749 |  0.188 | torch.Size([180]) || layers.0.residual_group.blocks.1.norm2.bias
 | -0.000 | -0.635 |  0.668 |  0.115 | torch.Size([360, 180]) || layers.0.residual_group.blocks.1.mlp.fc1.weight
 | -0.071 | -0.200 |  0.078 |  0.045 | torch.Size([360]) || layers.0.residual_group.blocks.1.mlp.fc1.bias
 | -0.000 | -0.741 |  1.107 |  0.099 | torch.Size([180, 360]) || layers.0.residual_group.blocks.1.mlp.fc2.weight
 | -0.005 | -0.530 |  0.413 |  0.097 | torch.Size([180]) || layers.0.residual_group.blocks.1.mlp.fc2.bias
 |  0.645 |  0.169 |  0.959 |  0.158 | torch.Size([180]) || layers.0.residual_group.blocks.2.norm1.weight
 | -0.027 | -0.655 |  0.992 |  0.236 | torch.Size([180]) || layers.0.residual_group.blocks.2.norm1.bias
 | -0.150 | -3.253 |  1.292 |  0.321 | torch.Size([225, 6]) || layers.0.residual_group.blocks.2.attn.relative_position_bias_table
 | 112.000 |  0.000 | 224.000 | 48.719 | torch.Size([64, 64]) || layers.0.residual_group.blocks.2.attn.relative_position_index
 | -0.000 | -1.596 |  1.520 |  0.159 | torch.Size([540, 180]) || layers.0.residual_group.blocks.2.attn.qkv.weight
 |  0.001 | -0.684 |  0.807 |  0.197 | torch.Size([540]) || layers.0.residual_group.blocks.2.attn.qkv.bias
 | -0.000 | -0.513 |  0.550 |  0.095 | torch.Size([180, 180]) || layers.0.residual_group.blocks.2.attn.proj.weight
 | -0.004 | -0.430 |  0.446 |  0.134 | torch.Size([180]) || layers.0.residual_group.blocks.2.attn.proj.bias
 |  0.694 |  0.339 |  1.406 |  0.165 | torch.Size([180]) || layers.0.residual_group.blocks.2.norm2.weight
 | -0.018 | -0.754 |  0.794 |  0.201 | torch.Size([180]) || layers.0.residual_group.blocks.2.norm2.bias
 | -0.000 | -0.686 |  0.872 |  0.127 | torch.Size([360, 180]) || layers.0.residual_group.blocks.2.mlp.fc1.weight
 | -0.065 | -0.322 |  0.053 |  0.057 | torch.Size([360]) || layers.0.residual_group.blocks.2.mlp.fc1.bias
 | -0.000 | -0.864 |  0.934 |  0.091 | torch.Size([180, 360]) || layers.0.residual_group.blocks.2.mlp.fc2.weight
 | -0.006 | -0.324 |  0.290 |  0.083 | torch.Size([180]) || layers.0.residual_group.blocks.2.mlp.fc2.bias
 | -12.109 | -100.000 |  0.000 | 32.624 | torch.Size([64, 64, 64]) || layers.0.residual_group.blocks.3.attn_mask
 |  0.740 |  0.141 |  1.052 |  0.156 | torch.Size([180]) || layers.0.residual_group.blocks.3.norm1.weight
 | -0.030 | -0.587 |  1.186 |  0.204 | torch.Size([180]) || layers.0.residual_group.blocks.3.norm1.bias
 | -0.139 | -2.949 |  1.157 |  0.300 | torch.Size([225, 6]) || layers.0.residual_group.blocks.3.attn.relative_position_bias_table
 | 112.000 |  0.000 | 224.000 | 48.719 | torch.Size([64, 64]) || layers.0.residual_group.blocks.3.attn.relative_position_index
 | -0.000 | -1.389 |  1.399 |  0.184 | torch.Size([540, 180]) || layers.0.residual_group.blocks.3.attn.qkv.weight
 | -0.002 | -0.883 |  0.799 |  0.188 | torch.Size([540]) || layers.0.residual_group.blocks.3.attn.qkv.bias
 |  0.000 | -0.530 |  0.515 |  0.094 | torch.Size([180, 180]) || layers.0.residual_group.blocks.3.attn.proj.weight
 | -0.006 | -0.393 |  0.402 |  0.133 | torch.Size([180]) || layers.0.residual_group.blocks.3.attn.proj.bias
 |  0.747 |  0.448 |  1.318 |  0.112 | torch.Size([180]) || layers.0.residual_group.blocks.3.norm2.weight
 | -0.026 | -0.656 |  0.563 |  0.135 | torch.Size([180]) || layers.0.residual_group.blocks.3.norm2.bias
 | -0.001 | -0.869 |  0.758 |  0.135 | torch.Size([360, 180]) || layers.0.residual_group.blocks.3.mlp.fc1.weight
 | -0.056 | -0.351 |  0.038 |  0.044 | torch.Size([360]) || layers.0.residual_group.blocks.3.mlp.fc1.bias
 |  0.000 | -1.150 |  1.090 |  0.089 | torch.Size([180, 360]) || layers.0.residual_group.blocks.3.mlp.fc2.weight
 | -0.006 | -0.229 |  0.192 |  0.086 | torch.Size([180]) || layers.0.residual_group.blocks.3.mlp.fc2.bias
 |  0.887 |  0.093 |  1.277 |  0.178 | torch.Size([180]) || layers.0.residual_group.blocks.4.norm1.weight
 | -0.042 | -0.678 |  1.171 |  0.164 | torch.Size([180]) || layers.0.residual_group.blocks.4.norm1.bias
 | -0.102 | -2.496 |  1.121 |  0.277 | torch.Size([225, 6]) || layers.0.residual_group.blocks.4.attn.relative_position_bias_table
 | 112.000 |  0.000 | 224.000 | 48.719 | torch.Size([64, 64]) || layers.0.residual_group.blocks.4.attn.relative_position_index
 | -0.000 | -1.753 |  1.644 |  0.173 | torch.Size([540, 180]) || layers.0.residual_group.blocks.4.attn.qkv.weight
 | -0.004 | -1.372 |  0.951 |  0.185 | torch.Size([540]) || layers.0.residual_group.blocks.4.attn.qkv.bias
 |  0.000 | -0.509 |  0.470 |  0.099 | torch.Size([180, 180]) || layers.0.residual_group.blocks.4.attn.proj.weight
 | -0.005 | -0.305 |  0.361 |  0.124 | torch.Size([180]) || layers.0.residual_group.blocks.4.attn.proj.bias
 |  0.722 |  0.438 |  1.218 |  0.088 | torch.Size([180]) || layers.0.residual_group.blocks.4.norm2.weight
 | -0.029 | -0.700 |  0.520 |  0.105 | torch.Size([180]) || layers.0.residual_group.blocks.4.norm2.bias
 | -0.002 | -0.888 |  0.829 |  0.134 | torch.Size([360, 180]) || layers.0.residual_group.blocks.4.mlp.fc1.weight
 | -0.059 | -0.314 |  0.053 |  0.044 | torch.Size([360]) || layers.0.residual_group.blocks.4.mlp.fc1.bias
 |  0.000 | -0.622 |  0.846 |  0.084 | torch.Size([180, 360]) || layers.0.residual_group.blocks.4.mlp.fc2.weight
 | -0.008 | -0.238 |  0.239 |  0.084 | torch.Size([180]) || layers.0.residual_group.blocks.4.mlp.fc2.bias
 | -12.109 | -100.000 |  0.000 | 32.624 | torch.Size([64, 64, 64]) || layers.0.residual_group.blocks.5.attn_mask
 |  0.877 |  0.078 |  1.126 |  0.166 | torch.Size([180]) || layers.0.residual_group.blocks.5.norm1.weight
 | -0.047 | -0.532 |  0.996 |  0.136 | torch.Size([180]) || layers.0.residual_group.blocks.5.norm1.bias
 | -0.211 | -4.662 |  1.492 |  0.413 | torch.Size([225, 6]) || layers.0.residual_group.blocks.5.attn.relative_position_bias_table
 | 112.000 |  0.000 | 224.000 | 48.719 | torch.Size([64, 64]) || layers.0.residual_group.blocks.5.attn.relative_position_index
 |  0.000 | -1.002 |  1.121 |  0.180 | torch.Size([540, 180]) || layers.0.residual_group.blocks.5.attn.qkv.weight
 |  0.007 | -0.888 |  0.747 |  0.189 | torch.Size([540]) || layers.0.residual_group.blocks.5.attn.qkv.bias
 |  0.000 | -0.599 |  0.587 |  0.090 | torch.Size([180, 180]) || layers.0.residual_group.blocks.5.attn.proj.weight
 | -0.008 | -0.309 |  0.581 |  0.099 | torch.Size([180]) || layers.0.residual_group.blocks.5.attn.proj.bias
 |  0.669 |  0.452 |  1.097 |  0.085 | torch.Size([180]) || layers.0.residual_group.blocks.5.norm2.weight
 | -0.031 | -0.505 |  0.553 |  0.109 | torch.Size([180]) || layers.0.residual_group.blocks.5.norm2.bias
 | -0.001 | -0.702 |  0.700 |  0.133 | torch.Size([360, 180]) || layers.0.residual_group.blocks.5.mlp.fc1.weight
 | -0.073 | -0.205 |  0.027 |  0.036 | torch.Size([360]) || layers.0.residual_group.blocks.5.mlp.fc1.bias
 | -0.001 | -0.803 |  0.564 |  0.085 | torch.Size([180, 360]) || layers.0.residual_group.blocks.5.mlp.fc2.weight
 | -0.007 | -0.173 |  0.632 |  0.074 | torch.Size([180]) || layers.0.residual_group.blocks.5.mlp.fc2.bias
 |  0.000 | -0.965 |  0.981 |  0.082 | torch.Size([180, 180, 3, 3]) || layers.0.conv.weight
 |  0.014 | -1.433 |  1.180 |  0.243 | torch.Size([180]) || layers.0.conv.bias
 |  0.687 |  0.063 |  1.095 |  0.214 | torch.Size([180]) || layers.1.residual_group.blocks.0.norm1.weight
 |  0.007 | -0.895 |  1.019 |  0.161 | torch.Size([180]) || layers.1.residual_group.blocks.0.norm1.bias
 | -0.052 | -1.472 |  0.767 |  0.238 | torch.Size([225, 6]) || layers.1.residual_group.blocks.0.attn.relative_position_bias_table
 | 112.000 |  0.000 | 224.000 | 48.719 | torch.Size([64, 64]) || layers.1.residual_group.blocks.0.attn.relative_position_index
 |  0.000 | -1.096 |  1.012 |  0.129 | torch.Size([540, 180]) || layers.1.residual_group.blocks.0.attn.qkv.weight
 |  0.011 | -0.615 |  0.694 |  0.159 | torch.Size([540]) || layers.1.residual_group.blocks.0.attn.qkv.bias
 | -0.000 | -0.624 |  0.566 |  0.128 | torch.Size([180, 180]) || layers.1.residual_group.blocks.0.attn.proj.weight
 | -0.013 | -0.808 |  0.315 |  0.141 | torch.Size([180]) || layers.1.residual_group.blocks.0.attn.proj.bias
 |  0.755 |  0.375 |  1.241 |  0.120 | torch.Size([180]) || layers.1.residual_group.blocks.0.norm2.weight
 | -0.004 | -0.635 |  0.506 |  0.106 | torch.Size([180]) || layers.1.residual_group.blocks.0.norm2.bias
 |  0.001 | -0.644 |  0.739 |  0.143 | torch.Size([360, 180]) || layers.1.residual_group.blocks.0.mlp.fc1.weight
 | -0.086 | -0.272 |  0.088 |  0.054 | torch.Size([360]) || layers.1.residual_group.blocks.0.mlp.fc1.bias
 |  0.002 | -1.669 |  0.803 |  0.135 | torch.Size([180, 360]) || layers.1.residual_group.blocks.0.mlp.fc2.weight
 | -0.012 | -0.758 |  0.195 |  0.110 | torch.Size([180]) || layers.1.residual_group.blocks.0.mlp.fc2.bias
 | -12.109 | -100.000 |  0.000 | 32.624 | torch.Size([64, 64, 64]) || layers.1.residual_group.blocks.1.attn_mask
 |  0.834 |  0.137 |  1.140 |  0.168 | torch.Size([180]) || layers.1.residual_group.blocks.1.norm1.weight
 | -0.005 | -1.106 |  1.062 |  0.165 | torch.Size([180]) || layers.1.residual_group.blocks.1.norm1.bias
 |  0.004 | -1.834 |  0.930 |  0.192 | torch.Size([225, 6]) || layers.1.residual_group.blocks.1.attn.relative_position_bias_table
 | 112.000 |  0.000 | 224.000 | 48.719 | torch.Size([64, 64]) || layers.1.residual_group.blocks.1.attn.relative_position_index
 |  0.000 | -1.368 |  1.159 |  0.141 | torch.Size([540, 180]) || layers.1.residual_group.blocks.1.attn.qkv.weight
 | -0.001 | -0.649 |  0.665 |  0.152 | torch.Size([540]) || layers.1.residual_group.blocks.1.attn.qkv.bias
 | -0.000 | -0.604 |  0.580 |  0.124 | torch.Size([180, 180]) || layers.1.residual_group.blocks.1.attn.proj.weight
 | -0.015 | -1.260 |  0.280 |  0.155 | torch.Size([180]) || layers.1.residual_group.blocks.1.attn.proj.bias
 |  0.864 |  0.444 |  1.201 |  0.110 | torch.Size([180]) || layers.1.residual_group.blocks.1.norm2.weight
 | -0.014 | -0.751 |  0.417 |  0.106 | torch.Size([180]) || layers.1.residual_group.blocks.1.norm2.bias
 | -0.000 | -0.884 |  0.810 |  0.148 | torch.Size([360, 180]) || layers.1.residual_group.blocks.1.mlp.fc1.weight
 | -0.064 | -0.186 |  0.057 |  0.044 | torch.Size([360]) || layers.1.residual_group.blocks.1.mlp.fc1.bias
 |  0.001 | -0.737 |  0.856 |  0.135 | torch.Size([180, 360]) || layers.1.residual_group.blocks.1.mlp.fc2.weight
 | -0.012 | -0.961 |  0.195 |  0.110 | torch.Size([180]) || layers.1.residual_group.blocks.1.mlp.fc2.bias
 |  0.916 |  0.148 |  1.174 |  0.149 | torch.Size([180]) || layers.1.residual_group.blocks.2.norm1.weight
 | -0.018 | -1.084 |  1.087 |  0.154 | torch.Size([180]) || layers.1.residual_group.blocks.2.norm1.bias
 |  0.033 | -3.093 |  0.867 |  0.219 | torch.Size([225, 6]) || layers.1.residual_group.blocks.2.attn.relative_position_bias_table
 | 112.000 |  0.000 | 224.000 | 48.719 | torch.Size([64, 64]) || layers.1.residual_group.blocks.2.attn.relative_position_index
 | -0.000 | -1.287 |  1.078 |  0.147 | torch.Size([540, 180]) || layers.1.residual_group.blocks.2.attn.qkv.weight
 | -0.009 | -0.530 |  0.558 |  0.136 | torch.Size([540]) || layers.1.residual_group.blocks.2.attn.qkv.bias
 | -0.000 | -0.722 |  0.722 |  0.125 | torch.Size([180, 180]) || layers.1.residual_group.blocks.2.attn.proj.weight
 | -0.022 | -1.653 |  0.262 |  0.166 | torch.Size([180]) || layers.1.residual_group.blocks.2.attn.proj.bias
 |  0.897 |  0.407 |  1.134 |  0.106 | torch.Size([180]) || layers.1.residual_group.blocks.2.norm2.weight
 | -0.019 | -0.772 |  0.446 |  0.095 | torch.Size([180]) || layers.1.residual_group.blocks.2.norm2.bias
 | -0.002 | -0.681 |  0.697 |  0.148 | torch.Size([360, 180]) || layers.1.residual_group.blocks.2.mlp.fc1.weight
 | -0.071 | -0.285 |  0.066 |  0.043 | torch.Size([360]) || layers.1.residual_group.blocks.2.mlp.fc1.bias
 |  0.001 | -1.010 |  0.810 |  0.135 | torch.Size([180, 360]) || layers.1.residual_group.blocks.2.mlp.fc2.weight
 | -0.012 | -1.015 |  0.146 |  0.098 | torch.Size([180]) || layers.1.residual_group.blocks.2.mlp.fc2.bias
 | -12.109 | -100.000 |  0.000 | 32.624 | torch.Size([64, 64, 64]) || layers.1.residual_group.blocks.3.attn_mask
 |  0.910 |  0.084 |  1.149 |  0.140 | torch.Size([180]) || layers.1.residual_group.blocks.3.norm1.weight
 | -0.026 | -0.901 |  0.984 |  0.127 | torch.Size([180]) || layers.1.residual_group.blocks.3.norm1.bias
 |  0.035 | -1.602 |  0.550 |  0.213 | torch.Size([225, 6]) || layers.1.residual_group.blocks.3.attn.relative_position_bias_table
 | 112.000 |  0.000 | 224.000 | 48.719 | torch.Size([64, 64]) || layers.1.residual_group.blocks.3.attn.relative_position_index
 |  0.000 | -0.890 |  0.825 |  0.149 | torch.Size([540, 180]) || layers.1.residual_group.blocks.3.attn.qkv.weight
 |  0.002 | -0.559 |  0.584 |  0.158 | torch.Size([540]) || layers.1.residual_group.blocks.3.attn.qkv.bias
 |  0.000 | -0.540 |  0.532 |  0.119 | torch.Size([180, 180]) || layers.1.residual_group.blocks.3.attn.proj.weight
 | -0.020 | -1.617 |  0.359 |  0.157 | torch.Size([180]) || layers.1.residual_group.blocks.3.attn.proj.bias
 |  0.886 |  0.355 |  1.139 |  0.094 | torch.Size([180]) || layers.1.residual_group.blocks.3.norm2.weight
 | -0.030 | -0.819 |  0.423 |  0.094 | torch.Size([180]) || layers.1.residual_group.blocks.3.norm2.bias
 | -0.002 | -0.654 |  0.697 |  0.146 | torch.Size([360, 180]) || layers.1.residual_group.blocks.3.mlp.fc1.weight
 | -0.079 | -0.275 |  0.026 |  0.044 | torch.Size([360]) || layers.1.residual_group.blocks.3.mlp.fc1.bias
 |  0.001 | -0.730 |  0.746 |  0.131 | torch.Size([180, 360]) || layers.1.residual_group.blocks.3.mlp.fc2.weight
 | -0.014 | -0.996 |  0.189 |  0.100 | torch.Size([180]) || layers.1.residual_group.blocks.3.mlp.fc2.bias
 |  0.978 |  0.109 |  1.197 |  0.124 | torch.Size([180]) || layers.1.residual_group.blocks.4.norm1.weight
 | -0.034 | -0.961 |  1.148 |  0.137 | torch.Size([180]) || layers.1.residual_group.blocks.4.norm1.bias
 |  0.000 | -2.714 |  1.209 |  0.275 | torch.Size([225, 6]) || layers.1.residual_group.blocks.4.attn.relative_position_bias_table
 | 112.000 |  0.000 | 224.000 | 48.719 | torch.Size([64, 64]) || layers.1.residual_group.blocks.4.attn.relative_position_index
 | -0.000 | -0.724 |  0.901 |  0.150 | torch.Size([540, 180]) || layers.1.residual_group.blocks.4.attn.qkv.weight
 |  0.002 | -0.662 |  0.693 |  0.131 | torch.Size([540]) || layers.1.residual_group.blocks.4.attn.qkv.bias
 | -0.001 | -0.525 |  0.516 |  0.119 | torch.Size([180, 180]) || layers.1.residual_group.blocks.4.attn.proj.weight
 | -0.024 | -1.052 |  0.373 |  0.156 | torch.Size([180]) || layers.1.residual_group.blocks.4.attn.proj.bias
 |  0.798 |  0.451 |  0.961 |  0.066 | torch.Size([180]) || layers.1.residual_group.blocks.4.norm2.weight
 | -0.034 | -0.827 |  0.438 |  0.087 | torch.Size([180]) || layers.1.residual_group.blocks.4.norm2.bias
 | -0.001 | -0.675 |  0.628 |  0.142 | torch.Size([360, 180]) || layers.1.residual_group.blocks.4.mlp.fc1.weight
 | -0.073 | -0.296 |  0.035 |  0.044 | torch.Size([360]) || layers.1.residual_group.blocks.4.mlp.fc1.bias
 |  0.001 | -0.811 |  0.641 |  0.134 | torch.Size([180, 360]) || layers.1.residual_group.blocks.4.mlp.fc2.weight
 | -0.017 | -0.712 |  0.402 |  0.090 | torch.Size([180]) || layers.1.residual_group.blocks.4.mlp.fc2.bias
 | -12.109 | -100.000 |  0.000 | 32.624 | torch.Size([64, 64, 64]) || layers.1.residual_group.blocks.5.attn_mask
 |  0.958 |  0.098 |  1.154 |  0.120 | torch.Size([180]) || layers.1.residual_group.blocks.5.norm1.weight
 | -0.041 | -0.670 |  1.160 |  0.128 | torch.Size([180]) || layers.1.residual_group.blocks.5.norm1.bias
 | -0.061 | -2.240 |  1.277 |  0.384 | torch.Size([225, 6]) || layers.1.residual_group.blocks.5.attn.relative_position_bias_table
 | 112.000 |  0.000 | 224.000 | 48.719 | torch.Size([64, 64]) || layers.1.residual_group.blocks.5.attn.relative_position_index
 | -0.000 | -1.121 |  1.131 |  0.148 | torch.Size([540, 180]) || layers.1.residual_group.blocks.5.attn.qkv.weight
 | -0.006 | -0.627 |  0.504 |  0.138 | torch.Size([540]) || layers.1.residual_group.blocks.5.attn.qkv.bias
 |  0.001 | -0.541 |  0.534 |  0.120 | torch.Size([180, 180]) || layers.1.residual_group.blocks.5.attn.proj.weight
 | -0.032 | -0.754 |  0.271 |  0.146 | torch.Size([180]) || layers.1.residual_group.blocks.5.attn.proj.bias
 |  0.684 |  0.430 |  0.860 |  0.052 | torch.Size([180]) || layers.1.residual_group.blocks.5.norm2.weight
 | -0.033 | -0.401 |  0.434 |  0.062 | torch.Size([180]) || layers.1.residual_group.blocks.5.norm2.bias
 | -0.001 | -0.693 |  0.642 |  0.135 | torch.Size([360, 180]) || layers.1.residual_group.blocks.5.mlp.fc1.weight
 | -0.072 | -0.346 |  0.058 |  0.053 | torch.Size([360]) || layers.1.residual_group.blocks.5.mlp.fc1.bias
 |  0.001 | -1.247 |  1.031 |  0.144 | torch.Size([180, 360]) || layers.1.residual_group.blocks.5.mlp.fc2.weight
 | -0.020 | -0.364 |  1.123 |  0.106 | torch.Size([180]) || layers.1.residual_group.blocks.5.mlp.fc2.bias
 | -0.000 | -0.617 |  0.621 |  0.064 | torch.Size([180, 180, 3, 3]) || layers.1.conv.weight
 |  0.049 | -0.502 |  1.243 |  0.213 | torch.Size([180]) || layers.1.conv.bias
 |  0.901 |  0.195 |  1.208 |  0.165 | torch.Size([180]) || layers.2.residual_group.blocks.0.norm1.weight
 |  0.035 | -1.084 |  0.831 |  0.163 | torch.Size([180]) || layers.2.residual_group.blocks.0.norm1.bias
 | -0.006 | -2.397 |  1.432 |  0.229 | torch.Size([225, 6]) || layers.2.residual_group.blocks.0.attn.relative_position_bias_table
 | 112.000 |  0.000 | 224.000 | 48.719 | torch.Size([64, 64]) || layers.2.residual_group.blocks.0.attn.relative_position_index
 |  0.000 | -1.349 |  1.324 |  0.136 | torch.Size([540, 180]) || layers.2.residual_group.blocks.0.attn.qkv.weight
 | -0.005 | -0.569 |  0.701 |  0.125 | torch.Size([540]) || layers.2.residual_group.blocks.0.attn.qkv.bias
 | -0.000 | -0.669 |  0.614 |  0.149 | torch.Size([180, 180]) || layers.2.residual_group.blocks.0.attn.proj.weight
 | -0.024 | -0.396 |  0.414 |  0.137 | torch.Size([180]) || layers.2.residual_group.blocks.0.attn.proj.bias
 |  0.809 |  0.565 |  0.973 |  0.064 | torch.Size([180]) || layers.2.residual_group.blocks.0.norm2.weight
 |  0.031 | -0.812 |  0.579 |  0.128 | torch.Size([180]) || layers.2.residual_group.blocks.0.norm2.bias
 |  0.002 | -0.668 |  0.634 |  0.138 | torch.Size([360, 180]) || layers.2.residual_group.blocks.0.mlp.fc1.weight
 | -0.064 | -0.258 |  0.093 |  0.048 | torch.Size([360]) || layers.2.residual_group.blocks.0.mlp.fc1.bias
 | -0.001 | -1.096 |  1.147 |  0.166 | torch.Size([180, 360]) || layers.2.residual_group.blocks.0.mlp.fc2.weight
 | -0.020 | -0.325 |  0.359 |  0.103 | torch.Size([180]) || layers.2.residual_group.blocks.0.mlp.fc2.bias
 | -12.109 | -100.000 |  0.000 | 32.624 | torch.Size([64, 64, 64]) || layers.2.residual_group.blocks.1.attn_mask
 |  0.958 |  0.263 |  1.214 |  0.124 | torch.Size([180]) || layers.2.residual_group.blocks.1.norm1.weight
 |  0.037 | -1.221 |  0.801 |  0.168 | torch.Size([180]) || layers.2.residual_group.blocks.1.norm1.bias
 | -0.072 | -3.458 |  1.284 |  0.420 | torch.Size([225, 6]) || layers.2.residual_group.blocks.1.attn.relative_position_bias_table
 | 112.000 |  0.000 | 224.000 | 48.719 | torch.Size([64, 64]) || layers.2.residual_group.blocks.1.attn.relative_position_index
 | -0.000 | -1.177 |  1.077 |  0.141 | torch.Size([540, 180]) || layers.2.residual_group.blocks.1.attn.qkv.weight
 |  0.002 | -0.468 |  0.436 |  0.106 | torch.Size([540]) || layers.2.residual_group.blocks.1.attn.qkv.bias
 | -0.000 | -0.654 |  0.588 |  0.143 | torch.Size([180, 180]) || layers.2.residual_group.blocks.1.attn.proj.weight
 | -0.020 | -0.504 |  0.460 |  0.148 | torch.Size([180]) || layers.2.residual_group.blocks.1.attn.proj.bias
 |  0.856 |  0.610 |  1.021 |  0.070 | torch.Size([180]) || layers.2.residual_group.blocks.1.norm2.weight
 |  0.033 | -0.796 |  0.621 |  0.112 | torch.Size([180]) || layers.2.residual_group.blocks.1.norm2.bias
 |  0.003 | -0.688 |  0.678 |  0.139 | torch.Size([360, 180]) || layers.2.residual_group.blocks.1.mlp.fc1.weight
 | -0.065 | -0.336 |  0.115 |  0.050 | torch.Size([360]) || layers.2.residual_group.blocks.1.mlp.fc1.bias
 |  0.001 | -1.271 |  1.074 |  0.161 | torch.Size([180, 360]) || layers.2.residual_group.blocks.1.mlp.fc2.weight
 | -0.013 | -0.370 |  0.298 |  0.095 | torch.Size([180]) || layers.2.residual_group.blocks.1.mlp.fc2.bias
 |  1.039 |  0.184 |  1.256 |  0.128 | torch.Size([180]) || layers.2.residual_group.blocks.2.norm1.weight
 |  0.041 | -1.219 |  0.719 |  0.155 | torch.Size([180]) || layers.2.residual_group.blocks.2.norm1.bias
 |  0.042 | -3.138 |  1.429 |  0.302 | torch.Size([225, 6]) || layers.2.residual_group.blocks.2.attn.relative_position_bias_table
 | 112.000 |  0.000 | 224.000 | 48.719 | torch.Size([64, 64]) || layers.2.residual_group.blocks.2.attn.relative_position_index
 |  0.000 | -0.995 |  1.082 |  0.143 | torch.Size([540, 180]) || layers.2.residual_group.blocks.2.attn.qkv.weight
 | -0.002 | -0.725 |  0.761 |  0.116 | torch.Size([540]) || layers.2.residual_group.blocks.2.attn.qkv.bias
 |  0.000 | -0.575 |  0.634 |  0.150 | torch.Size([180, 180]) || layers.2.residual_group.blocks.2.attn.proj.weight
 | -0.012 | -0.545 |  0.849 |  0.166 | torch.Size([180]) || layers.2.residual_group.blocks.2.attn.proj.bias
 |  0.883 |  0.555 |  1.053 |  0.077 | torch.Size([180]) || layers.2.residual_group.blocks.2.norm2.weight
 |  0.036 | -0.696 |  0.431 |  0.093 | torch.Size([180]) || layers.2.residual_group.blocks.2.norm2.bias
 |  0.002 | -0.615 |  0.701 |  0.140 | torch.Size([360, 180]) || layers.2.residual_group.blocks.2.mlp.fc1.weight
 | -0.068 | -0.290 |  0.066 |  0.050 | torch.Size([360]) || layers.2.residual_group.blocks.2.mlp.fc1.bias
 |  0.001 | -0.809 |  0.910 |  0.160 | torch.Size([180, 360]) || layers.2.residual_group.blocks.2.mlp.fc2.weight
 | -0.012 | -0.550 |  0.228 |  0.078 | torch.Size([180]) || layers.2.residual_group.blocks.2.mlp.fc2.bias
 | -12.109 | -100.000 |  0.000 | 32.624 | torch.Size([64, 64, 64]) || layers.2.residual_group.blocks.3.attn_mask
 |  1.026 |  0.113 |  1.246 |  0.135 | torch.Size([180]) || layers.2.residual_group.blocks.3.norm1.weight
 |  0.042 | -1.058 |  0.597 |  0.124 | torch.Size([180]) || layers.2.residual_group.blocks.3.norm1.bias
 |  0.073 | -2.223 |  1.928 |  0.241 | torch.Size([225, 6]) || layers.2.residual_group.blocks.3.attn.relative_position_bias_table
 | 112.000 |  0.000 | 224.000 | 48.719 | torch.Size([64, 64]) || layers.2.residual_group.blocks.3.attn.relative_position_index
 |  0.000 | -0.786 |  0.840 |  0.143 | torch.Size([540, 180]) || layers.2.residual_group.blocks.3.attn.qkv.weight
 |  0.001 | -0.752 |  0.591 |  0.136 | torch.Size([540]) || layers.2.residual_group.blocks.3.attn.qkv.bias
 |  0.000 | -0.643 |  0.574 |  0.143 | torch.Size([180, 180]) || layers.2.residual_group.blocks.3.attn.proj.weight
 | -0.003 | -0.522 |  0.617 |  0.161 | torch.Size([180]) || layers.2.residual_group.blocks.3.attn.proj.bias
 |  0.888 |  0.534 |  1.081 |  0.085 | torch.Size([180]) || layers.2.residual_group.blocks.3.norm2.weight
 |  0.037 | -0.629 |  0.401 |  0.087 | torch.Size([180]) || layers.2.residual_group.blocks.3.norm2.bias
 |  0.002 | -0.571 |  0.751 |  0.140 | torch.Size([360, 180]) || layers.2.residual_group.blocks.3.mlp.fc1.weight
 | -0.070 | -0.260 |  0.107 |  0.049 | torch.Size([360]) || layers.2.residual_group.blocks.3.mlp.fc1.bias
 |  0.001 | -0.938 |  0.786 |  0.160 | torch.Size([180, 360]) || layers.2.residual_group.blocks.3.mlp.fc2.weight
 | -0.012 | -0.746 |  0.224 |  0.096 | torch.Size([180]) || layers.2.residual_group.blocks.3.mlp.fc2.bias
 |  1.067 |  0.127 |  1.284 |  0.123 | torch.Size([180]) || layers.2.residual_group.blocks.4.norm1.weight
 |  0.041 | -1.148 |  0.583 |  0.127 | torch.Size([180]) || layers.2.residual_group.blocks.4.norm1.bias
 |  0.027 | -2.624 |  1.571 |  0.268 | torch.Size([225, 6]) || layers.2.residual_group.blocks.4.attn.relative_position_bias_table
 | 112.000 |  0.000 | 224.000 | 48.719 | torch.Size([64, 64]) || layers.2.residual_group.blocks.4.attn.relative_position_index
 |  0.000 | -0.941 |  1.186 |  0.143 | torch.Size([540, 180]) || layers.2.residual_group.blocks.4.attn.qkv.weight
 | -0.001 | -0.435 |  0.541 |  0.123 | torch.Size([540]) || layers.2.residual_group.blocks.4.attn.qkv.bias
 |  0.001 | -0.696 |  0.617 |  0.149 | torch.Size([180, 180]) || layers.2.residual_group.blocks.4.attn.proj.weight
 |  0.003 | -0.468 |  0.692 |  0.179 | torch.Size([180]) || layers.2.residual_group.blocks.4.attn.proj.bias
 |  0.869 |  0.548 |  1.065 |  0.077 | torch.Size([180]) || layers.2.residual_group.blocks.4.norm2.weight
 |  0.038 | -0.621 |  0.329 |  0.086 | torch.Size([180]) || layers.2.residual_group.blocks.4.norm2.bias
 |  0.001 | -0.610 |  0.613 |  0.139 | torch.Size([360, 180]) || layers.2.residual_group.blocks.4.mlp.fc1.weight
 | -0.065 | -0.321 |  0.103 |  0.051 | torch.Size([360]) || layers.2.residual_group.blocks.4.mlp.fc1.bias
 |  0.000 | -0.785 |  0.828 |  0.162 | torch.Size([180, 360]) || layers.2.residual_group.blocks.4.mlp.fc2.weight
 | -0.007 | -0.826 |  0.243 |  0.105 | torch.Size([180]) || layers.2.residual_group.blocks.4.mlp.fc2.bias
 | -12.109 | -100.000 |  0.000 | 32.624 | torch.Size([64, 64, 64]) || layers.2.residual_group.blocks.5.attn_mask
 |  1.017 |  0.149 |  1.186 |  0.103 | torch.Size([180]) || layers.2.residual_group.blocks.5.norm1.weight
 |  0.040 | -1.191 |  0.433 |  0.125 | torch.Size([180]) || layers.2.residual_group.blocks.5.norm1.bias
 | -0.004 | -2.558 |  1.098 |  0.278 | torch.Size([225, 6]) || layers.2.residual_group.blocks.5.attn.relative_position_bias_table
 | 112.000 |  0.000 | 224.000 | 48.719 | torch.Size([64, 64]) || layers.2.residual_group.blocks.5.attn.relative_position_index
 | -0.001 | -1.091 |  0.861 |  0.142 | torch.Size([540, 180]) || layers.2.residual_group.blocks.5.attn.qkv.weight
 | -0.002 | -0.493 |  0.499 |  0.112 | torch.Size([540]) || layers.2.residual_group.blocks.5.attn.qkv.bias
 | -0.000 | -0.649 |  0.720 |  0.146 | torch.Size([180, 180]) || layers.2.residual_group.blocks.5.attn.proj.weight
 | -0.005 | -0.612 |  0.382 |  0.134 | torch.Size([180]) || layers.2.residual_group.blocks.5.attn.proj.bias
 |  0.821 |  0.579 |  0.994 |  0.072 | torch.Size([180]) || layers.2.residual_group.blocks.5.norm2.weight
 |  0.039 | -0.452 |  0.236 |  0.065 | torch.Size([180]) || layers.2.residual_group.blocks.5.norm2.bias
 |  0.001 | -0.576 |  0.535 |  0.137 | torch.Size([360, 180]) || layers.2.residual_group.blocks.5.mlp.fc1.weight
 | -0.050 | -0.390 |  0.212 |  0.061 | torch.Size([360]) || layers.2.residual_group.blocks.5.mlp.fc1.bias
 |  0.001 | -1.234 |  1.091 |  0.167 | torch.Size([180, 360]) || layers.2.residual_group.blocks.5.mlp.fc2.weight
 | -0.003 | -1.245 |  0.208 |  0.115 | torch.Size([180]) || layers.2.residual_group.blocks.5.mlp.fc2.bias
 | -0.000 | -0.579 |  0.891 |  0.068 | torch.Size([180, 180, 3, 3]) || layers.2.conv.weight
 |  0.104 | -0.772 |  1.260 |  0.260 | torch.Size([180]) || layers.2.conv.bias
 |  0.990 |  0.256 |  1.247 |  0.150 | torch.Size([180]) || layers.3.residual_group.blocks.0.norm1.weight
 |  0.023 | -1.013 |  0.541 |  0.148 | torch.Size([180]) || layers.3.residual_group.blocks.0.norm1.bias
 | -0.006 | -3.181 |  1.259 |  0.319 | torch.Size([225, 6]) || layers.3.residual_group.blocks.0.attn.relative_position_bias_table
 | 112.000 |  0.000 | 224.000 | 48.719 | torch.Size([64, 64]) || layers.3.residual_group.blocks.0.attn.relative_position_index
 |  0.000 | -0.834 |  0.889 |  0.136 | torch.Size([540, 180]) || layers.3.residual_group.blocks.0.attn.qkv.weight
 | -0.009 | -0.483 |  0.500 |  0.098 | torch.Size([540]) || layers.3.residual_group.blocks.0.attn.qkv.bias
 | -0.001 | -0.751 |  0.749 |  0.176 | torch.Size([180, 180]) || layers.3.residual_group.blocks.0.attn.proj.weight
 |  0.010 | -0.421 |  0.452 |  0.142 | torch.Size([180]) || layers.3.residual_group.blocks.0.attn.proj.bias
 |  1.071 |  0.819 |  1.259 |  0.070 | torch.Size([180]) || layers.3.residual_group.blocks.0.norm2.weight
 |  0.025 | -0.827 |  0.368 |  0.138 | torch.Size([180]) || layers.3.residual_group.blocks.0.norm2.bias
 |  0.003 | -0.790 |  0.768 |  0.140 | torch.Size([360, 180]) || layers.3.residual_group.blocks.0.mlp.fc1.weight
 | -0.064 | -0.311 |  0.146 |  0.068 | torch.Size([360]) || layers.3.residual_group.blocks.0.mlp.fc1.bias
 | -0.002 | -1.099 |  1.270 |  0.174 | torch.Size([180, 360]) || layers.3.residual_group.blocks.0.mlp.fc2.weight
 |  0.001 | -0.329 |  0.322 |  0.085 | torch.Size([180]) || layers.3.residual_group.blocks.0.mlp.fc2.bias
 | -12.109 | -100.000 |  0.000 | 32.624 | torch.Size([64, 64, 64]) || layers.3.residual_group.blocks.1.attn_mask
 |  1.021 |  0.159 |  1.309 |  0.158 | torch.Size([180]) || layers.3.residual_group.blocks.1.norm1.weight
 |  0.028 | -1.025 |  0.487 |  0.124 | torch.Size([180]) || layers.3.residual_group.blocks.1.norm1.bias
 |  0.028 | -3.685 |  1.534 |  0.332 | torch.Size([225, 6]) || layers.3.residual_group.blocks.1.attn.relative_position_bias_table
 | 112.000 |  0.000 | 224.000 | 48.719 | torch.Size([64, 64]) || layers.3.residual_group.blocks.1.attn.relative_position_index
 | -0.000 | -1.024 |  1.078 |  0.137 | torch.Size([540, 180]) || layers.3.residual_group.blocks.1.attn.qkv.weight
 |  0.003 | -0.474 |  0.467 |  0.119 | torch.Size([540]) || layers.3.residual_group.blocks.1.attn.qkv.bias
 |  0.000 | -0.762 |  0.741 |  0.171 | torch.Size([180, 180]) || layers.3.residual_group.blocks.1.attn.proj.weight
 |  0.008 | -0.476 |  0.566 |  0.162 | torch.Size([180]) || layers.3.residual_group.blocks.1.attn.proj.bias
 |  1.067 |  0.670 |  1.271 |  0.093 | torch.Size([180]) || layers.3.residual_group.blocks.1.norm2.weight
 |  0.027 | -0.645 |  0.372 |  0.107 | torch.Size([180]) || layers.3.residual_group.blocks.1.norm2.bias
 |  0.004 | -1.022 |  0.881 |  0.141 | torch.Size([360, 180]) || layers.3.residual_group.blocks.1.mlp.fc1.weight
 | -0.058 | -0.659 |  0.131 |  0.072 | torch.Size([360]) || layers.3.residual_group.blocks.1.mlp.fc1.bias
 | -0.000 | -1.573 |  1.722 |  0.181 | torch.Size([180, 360]) || layers.3.residual_group.blocks.1.mlp.fc2.weight
 | -0.002 | -0.335 |  0.355 |  0.109 | torch.Size([180]) || layers.3.residual_group.blocks.1.mlp.fc2.bias
 |  1.057 |  0.168 |  1.281 |  0.156 | torch.Size([180]) || layers.3.residual_group.blocks.2.norm1.weight
 |  0.033 | -1.009 |  0.402 |  0.117 | torch.Size([180]) || layers.3.residual_group.blocks.2.norm1.bias
 | -0.052 | -4.569 |  2.492 |  0.444 | torch.Size([225, 6]) || layers.3.residual_group.blocks.2.attn.relative_position_bias_table
 | 112.000 |  0.000 | 224.000 | 48.719 | torch.Size([64, 64]) || layers.3.residual_group.blocks.2.attn.relative_position_index
 | -0.000 | -0.988 |  0.881 |  0.139 | torch.Size([540, 180]) || layers.3.residual_group.blocks.2.attn.qkv.weight
 |  0.007 | -0.644 |  0.362 |  0.102 | torch.Size([540]) || layers.3.residual_group.blocks.2.attn.qkv.bias
 | -0.000 | -0.939 |  0.765 |  0.179 | torch.Size([180, 180]) || layers.3.residual_group.blocks.2.attn.proj.weight
 |  0.012 | -0.526 |  0.479 |  0.178 | torch.Size([180]) || layers.3.residual_group.blocks.2.attn.proj.bias
 |  1.087 |  0.625 |  1.332 |  0.115 | torch.Size([180]) || layers.3.residual_group.blocks.2.norm2.weight
 |  0.026 | -0.548 |  0.263 |  0.096 | torch.Size([180]) || layers.3.residual_group.blocks.2.norm2.bias
 |  0.004 | -0.664 |  0.635 |  0.142 | torch.Size([360, 180]) || layers.3.residual_group.blocks.2.mlp.fc1.weight
 | -0.059 | -0.601 |  0.085 |  0.070 | torch.Size([360]) || layers.3.residual_group.blocks.2.mlp.fc1.bias
 | -0.000 | -1.599 |  1.496 |  0.186 | torch.Size([180, 360]) || layers.3.residual_group.blocks.2.mlp.fc2.weight
 | -0.005 | -0.342 |  0.350 |  0.117 | torch.Size([180]) || layers.3.residual_group.blocks.2.mlp.fc2.bias
 | -12.109 | -100.000 |  0.000 | 32.624 | torch.Size([64, 64, 64]) || layers.3.residual_group.blocks.3.attn_mask
 |  1.068 |  0.160 |  1.312 |  0.158 | torch.Size([180]) || layers.3.residual_group.blocks.3.norm1.weight
 |  0.033 | -0.950 |  0.309 |  0.104 | torch.Size([180]) || layers.3.residual_group.blocks.3.norm1.bias
 |  0.036 | -3.334 |  1.388 |  0.337 | torch.Size([225, 6]) || layers.3.residual_group.blocks.3.attn.relative_position_bias_table
 | 112.000 |  0.000 | 224.000 | 48.719 | torch.Size([64, 64]) || layers.3.residual_group.blocks.3.attn.relative_position_index
 |  0.000 | -0.955 |  0.971 |  0.141 | torch.Size([540, 180]) || layers.3.residual_group.blocks.3.attn.qkv.weight
 | -0.004 | -0.630 |  0.540 |  0.108 | torch.Size([540]) || layers.3.residual_group.blocks.3.attn.qkv.bias
 | -0.000 | -0.705 |  0.798 |  0.170 | torch.Size([180, 180]) || layers.3.residual_group.blocks.3.attn.proj.weight
 |  0.008 | -0.555 |  0.444 |  0.185 | torch.Size([180]) || layers.3.residual_group.blocks.3.attn.proj.bias
 |  1.092 |  0.485 |  1.342 |  0.116 | torch.Size([180]) || layers.3.residual_group.blocks.3.norm2.weight
 |  0.026 | -0.437 |  0.265 |  0.097 | torch.Size([180]) || layers.3.residual_group.blocks.3.norm2.bias
 |  0.004 | -0.699 |  0.803 |  0.144 | torch.Size([360, 180]) || layers.3.residual_group.blocks.3.mlp.fc1.weight
 | -0.057 | -0.478 |  0.094 |  0.063 | torch.Size([360]) || layers.3.residual_group.blocks.3.mlp.fc1.bias
 | -0.000 | -1.417 |  1.267 |  0.194 | torch.Size([180, 360]) || layers.3.residual_group.blocks.3.mlp.fc2.weight
 | -0.015 | -0.361 |  0.425 |  0.131 | torch.Size([180]) || layers.3.residual_group.blocks.3.mlp.fc2.bias
 |  1.071 |  0.189 |  1.320 |  0.149 | torch.Size([180]) || layers.3.residual_group.blocks.4.norm1.weight
 |  0.037 | -0.861 |  0.278 |  0.093 | torch.Size([180]) || layers.3.residual_group.blocks.4.norm1.bias
 | -0.046 | -3.464 |  1.421 |  0.413 | torch.Size([225, 6]) || layers.3.residual_group.blocks.4.attn.relative_position_bias_table
 | 112.000 |  0.000 | 224.000 | 48.719 | torch.Size([64, 64]) || layers.3.residual_group.blocks.4.attn.relative_position_index
 | -0.000 | -0.936 |  1.054 |  0.143 | torch.Size([540, 180]) || layers.3.residual_group.blocks.4.attn.qkv.weight
 | -0.002 | -0.468 |  0.382 |  0.101 | torch.Size([540]) || layers.3.residual_group.blocks.4.attn.qkv.bias
 |  0.001 | -0.740 |  0.803 |  0.180 | torch.Size([180, 180]) || layers.3.residual_group.blocks.4.attn.proj.weight
 |  0.022 | -0.438 |  0.496 |  0.178 | torch.Size([180]) || layers.3.residual_group.blocks.4.attn.proj.bias
 |  1.062 |  0.437 |  1.287 |  0.116 | torch.Size([180]) || layers.3.residual_group.blocks.4.norm2.weight
 |  0.026 | -0.473 |  0.218 |  0.082 | torch.Size([180]) || layers.3.residual_group.blocks.4.norm2.bias
 |  0.005 | -0.628 |  0.726 |  0.142 | torch.Size([360, 180]) || layers.3.residual_group.blocks.4.mlp.fc1.weight
 | -0.058 | -0.567 |  0.090 |  0.065 | torch.Size([360]) || layers.3.residual_group.blocks.4.mlp.fc1.bias
 | -0.000 | -1.308 |  1.383 |  0.194 | torch.Size([180, 360]) || layers.3.residual_group.blocks.4.mlp.fc2.weight
 | -0.016 | -0.362 |  0.376 |  0.143 | torch.Size([180]) || layers.3.residual_group.blocks.4.mlp.fc2.bias
 | -12.109 | -100.000 |  0.000 | 32.624 | torch.Size([64, 64, 64]) || layers.3.residual_group.blocks.5.attn_mask
 |  1.020 |  0.192 |  1.272 |  0.133 | torch.Size([180]) || layers.3.residual_group.blocks.5.norm1.weight
 |  0.037 | -0.898 |  0.225 |  0.090 | torch.Size([180]) || layers.3.residual_group.blocks.5.norm1.bias
 | -0.055 | -2.121 |  0.965 |  0.265 | torch.Size([225, 6]) || layers.3.residual_group.blocks.5.attn.relative_position_bias_table
 | 112.000 |  0.000 | 224.000 | 48.719 | torch.Size([64, 64]) || layers.3.residual_group.blocks.5.attn.relative_position_index
 |  0.000 | -0.950 |  1.247 |  0.141 | torch.Size([540, 180]) || layers.3.residual_group.blocks.5.attn.qkv.weight
 | -0.003 | -0.595 |  0.545 |  0.099 | torch.Size([540]) || layers.3.residual_group.blocks.5.attn.qkv.bias
 | -0.000 | -1.050 |  0.767 |  0.180 | torch.Size([180, 180]) || layers.3.residual_group.blocks.5.attn.proj.weight
 |  0.001 | -0.473 |  0.364 |  0.148 | torch.Size([180]) || layers.3.residual_group.blocks.5.attn.proj.bias
 |  1.009 |  0.456 |  1.247 |  0.107 | torch.Size([180]) || layers.3.residual_group.blocks.5.norm2.weight
 |  0.025 | -0.595 |  0.172 |  0.080 | torch.Size([180]) || layers.3.residual_group.blocks.5.norm2.bias
 |  0.004 | -0.826 |  0.849 |  0.141 | torch.Size([360, 180]) || layers.3.residual_group.blocks.5.mlp.fc1.weight
 | -0.049 | -0.600 |  0.194 |  0.075 | torch.Size([360]) || layers.3.residual_group.blocks.5.mlp.fc1.bias
 |  0.001 | -1.219 |  1.504 |  0.203 | torch.Size([180, 360]) || layers.3.residual_group.blocks.5.mlp.fc2.weight
 | -0.015 | -0.375 |  0.442 |  0.137 | torch.Size([180]) || layers.3.residual_group.blocks.5.mlp.fc2.bias
 |  0.000 | -0.788 |  0.943 |  0.077 | torch.Size([180, 180, 3, 3]) || layers.3.conv.weight
 |  0.084 | -0.784 |  0.930 |  0.280 | torch.Size([180]) || layers.3.conv.bias
 |  1.173 |  0.481 |  1.526 |  0.168 | torch.Size([180]) || layers.4.residual_group.blocks.0.norm1.weight
 |  0.003 | -1.099 |  0.770 |  0.213 | torch.Size([180]) || layers.4.residual_group.blocks.0.norm1.bias
 | -0.051 | -2.125 |  0.840 |  0.311 | torch.Size([225, 6]) || layers.4.residual_group.blocks.0.attn.relative_position_bias_table
 | 112.000 |  0.000 | 224.000 | 48.719 | torch.Size([64, 64]) || layers.4.residual_group.blocks.0.attn.relative_position_index
 |  0.000 | -0.937 |  0.909 |  0.146 | torch.Size([540, 180]) || layers.4.residual_group.blocks.0.attn.qkv.weight
 | -0.005 | -0.401 |  0.277 |  0.085 | torch.Size([540]) || layers.4.residual_group.blocks.0.attn.qkv.bias
 |  0.000 | -0.951 |  0.866 |  0.204 | torch.Size([180, 180]) || layers.4.residual_group.blocks.0.attn.proj.weight
 | -0.002 | -0.356 |  0.341 |  0.156 | torch.Size([180]) || layers.4.residual_group.blocks.0.attn.proj.bias
 |  1.969 |  1.219 |  2.342 |  0.205 | torch.Size([180]) || layers.4.residual_group.blocks.0.norm2.weight
 |  0.008 | -0.500 |  0.370 |  0.157 | torch.Size([180]) || layers.4.residual_group.blocks.0.norm2.bias
 | -0.000 | -1.095 |  1.008 |  0.180 | torch.Size([360, 180]) || layers.4.residual_group.blocks.0.mlp.fc1.weight
 | -0.055 | -0.338 |  0.144 |  0.083 | torch.Size([360]) || layers.4.residual_group.blocks.0.mlp.fc1.bias
 | -0.001 | -1.350 |  1.388 |  0.198 | torch.Size([180, 360]) || layers.4.residual_group.blocks.0.mlp.fc2.weight
 | -0.011 | -0.200 |  0.231 |  0.082 | torch.Size([180]) || layers.4.residual_group.blocks.0.mlp.fc2.bias
 | -12.109 | -100.000 |  0.000 | 32.624 | torch.Size([64, 64, 64]) || layers.4.residual_group.blocks.1.attn_mask
 |  1.132 |  0.350 |  1.556 |  0.189 | torch.Size([180]) || layers.4.residual_group.blocks.1.norm1.weight
 |  0.003 | -0.775 |  0.693 |  0.137 | torch.Size([180]) || layers.4.residual_group.blocks.1.norm1.bias
 | -0.057 | -2.941 |  3.268 |  0.394 | torch.Size([225, 6]) || layers.4.residual_group.blocks.1.attn.relative_position_bias_table
 | 112.000 |  0.000 | 224.000 | 48.719 | torch.Size([64, 64]) || layers.4.residual_group.blocks.1.attn.relative_position_index
 | -0.000 | -1.028 |  0.842 |  0.138 | torch.Size([540, 180]) || layers.4.residual_group.blocks.1.attn.qkv.weight
 |  0.006 | -0.326 |  0.267 |  0.068 | torch.Size([540]) || layers.4.residual_group.blocks.1.attn.qkv.bias
 | -0.000 | -1.078 |  0.950 |  0.198 | torch.Size([180, 180]) || layers.4.residual_group.blocks.1.attn.proj.weight
 | -0.004 | -0.370 |  0.391 |  0.135 | torch.Size([180]) || layers.4.residual_group.blocks.1.attn.proj.bias
 |  1.937 |  1.159 |  2.380 |  0.215 | torch.Size([180]) || layers.4.residual_group.blocks.1.norm2.weight
 | -0.000 | -0.394 |  0.288 |  0.123 | torch.Size([180]) || layers.4.residual_group.blocks.1.norm2.bias
 |  0.000 | -1.013 |  1.038 |  0.177 | torch.Size([360, 180]) || layers.4.residual_group.blocks.1.mlp.fc1.weight
 | -0.048 | -0.381 |  0.180 |  0.089 | torch.Size([360]) || layers.4.residual_group.blocks.1.mlp.fc1.bias
 | -0.000 | -1.393 |  1.533 |  0.212 | torch.Size([180, 360]) || layers.4.residual_group.blocks.1.mlp.fc2.weight
 | -0.012 | -0.327 |  0.287 |  0.113 | torch.Size([180]) || layers.4.residual_group.blocks.1.mlp.fc2.bias
 |  1.161 |  0.368 |  1.517 |  0.182 | torch.Size([180]) || layers.4.residual_group.blocks.2.norm1.weight
 |  0.002 | -1.001 |  0.615 |  0.145 | torch.Size([180]) || layers.4.residual_group.blocks.2.norm1.bias
 | -0.088 | -2.995 |  3.782 |  0.419 | torch.Size([225, 6]) || layers.4.residual_group.blocks.2.attn.relative_position_bias_table
 | 112.000 |  0.000 | 224.000 | 48.719 | torch.Size([64, 64]) || layers.4.residual_group.blocks.2.attn.relative_position_index
 |  0.000 | -0.931 |  0.995 |  0.143 | torch.Size([540, 180]) || layers.4.residual_group.blocks.2.attn.qkv.weight
 |  0.001 | -0.320 |  0.303 |  0.080 | torch.Size([540]) || layers.4.residual_group.blocks.2.attn.qkv.bias
 | -0.001 | -0.993 |  1.011 |  0.212 | torch.Size([180, 180]) || layers.4.residual_group.blocks.2.attn.proj.weight
 |  0.003 | -0.466 |  0.433 |  0.165 | torch.Size([180]) || layers.4.residual_group.blocks.2.attn.proj.bias
 |  1.878 |  1.147 |  2.288 |  0.218 | torch.Size([180]) || layers.4.residual_group.blocks.2.norm2.weight
 | -0.004 | -0.267 |  0.346 |  0.105 | torch.Size([180]) || layers.4.residual_group.blocks.2.norm2.bias
 |  0.000 | -1.439 |  1.026 |  0.176 | torch.Size([360, 180]) || layers.4.residual_group.blocks.2.mlp.fc1.weight
 | -0.037 | -0.543 |  0.201 |  0.096 | torch.Size([360]) || layers.4.residual_group.blocks.2.mlp.fc1.bias
 | -0.001 | -1.810 |  2.753 |  0.230 | torch.Size([180, 360]) || layers.4.residual_group.blocks.2.mlp.fc2.weight
 | -0.021 | -0.479 |  0.367 |  0.130 | torch.Size([180]) || layers.4.residual_group.blocks.2.mlp.fc2.bias
 | -12.109 | -100.000 |  0.000 | 32.624 | torch.Size([64, 64, 64]) || layers.4.residual_group.blocks.3.attn_mask
 |  1.149 |  0.343 |  1.473 |  0.181 | torch.Size([180]) || layers.4.residual_group.blocks.3.norm1.weight
 |  0.006 | -0.728 |  1.049 |  0.151 | torch.Size([180]) || layers.4.residual_group.blocks.3.norm1.bias
 | -0.054 | -3.058 |  1.722 |  0.364 | torch.Size([225, 6]) || layers.4.residual_group.blocks.3.attn.relative_position_bias_table
 | 112.000 |  0.000 | 224.000 | 48.719 | torch.Size([64, 64]) || layers.4.residual_group.blocks.3.attn.relative_position_index
 |  0.000 | -0.852 |  0.953 |  0.143 | torch.Size([540, 180]) || layers.4.residual_group.blocks.3.attn.qkv.weight
 |  0.004 | -0.343 |  0.382 |  0.083 | torch.Size([540]) || layers.4.residual_group.blocks.3.attn.qkv.bias
 |  0.000 | -0.959 |  0.920 |  0.209 | torch.Size([180, 180]) || layers.4.residual_group.blocks.3.attn.proj.weight
 | -0.008 | -0.492 |  0.373 |  0.163 | torch.Size([180]) || layers.4.residual_group.blocks.3.attn.proj.bias
 |  1.742 |  0.953 |  2.128 |  0.227 | torch.Size([180]) || layers.4.residual_group.blocks.3.norm2.weight
 | -0.003 | -0.268 |  0.303 |  0.091 | torch.Size([180]) || layers.4.residual_group.blocks.3.norm2.bias
 |  0.001 | -1.049 |  1.036 |  0.171 | torch.Size([360, 180]) || layers.4.residual_group.blocks.3.mlp.fc1.weight
 | -0.024 | -0.407 |  0.238 |  0.098 | torch.Size([360]) || layers.4.residual_group.blocks.3.mlp.fc1.bias
 | -0.001 | -1.927 |  1.941 |  0.240 | torch.Size([180, 360]) || layers.4.residual_group.blocks.3.mlp.fc2.weight
 | -0.018 | -0.505 |  0.392 |  0.144 | torch.Size([180]) || layers.4.residual_group.blocks.3.mlp.fc2.bias
 |  1.129 |  0.356 |  1.495 |  0.181 | torch.Size([180]) || layers.4.residual_group.blocks.4.norm1.weight
 |  0.007 | -0.645 |  0.840 |  0.145 | torch.Size([180]) || layers.4.residual_group.blocks.4.norm1.bias
 | -0.024 | -2.548 |  1.076 |  0.210 | torch.Size([225, 6]) || layers.4.residual_group.blocks.4.attn.relative_position_bias_table
 | 112.000 |  0.000 | 224.000 | 48.719 | torch.Size([64, 64]) || layers.4.residual_group.blocks.4.attn.relative_position_index
 | -0.000 | -0.949 |  0.928 |  0.141 | torch.Size([540, 180]) || layers.4.residual_group.blocks.4.attn.qkv.weight
 |  0.002 | -0.294 |  0.411 |  0.076 | torch.Size([540]) || layers.4.residual_group.blocks.4.attn.qkv.bias
 | -0.000 | -1.014 |  0.971 |  0.214 | torch.Size([180, 180]) || layers.4.residual_group.blocks.4.attn.proj.weight
 | -0.009 | -0.366 |  0.352 |  0.165 | torch.Size([180]) || layers.4.residual_group.blocks.4.attn.proj.bias
 |  1.611 |  0.837 |  2.065 |  0.237 | torch.Size([180]) || layers.4.residual_group.blocks.4.norm2.weight
 | -0.005 | -0.356 |  0.197 |  0.079 | torch.Size([180]) || layers.4.residual_group.blocks.4.norm2.bias
 |  0.000 | -0.910 |  0.943 |  0.168 | torch.Size([360, 180]) || layers.4.residual_group.blocks.4.mlp.fc1.weight
 | -0.018 | -0.555 |  0.311 |  0.105 | torch.Size([360]) || layers.4.residual_group.blocks.4.mlp.fc1.bias
 | -0.001 | -1.801 |  2.023 |  0.252 | torch.Size([180, 360]) || layers.4.residual_group.blocks.4.mlp.fc2.weight
 | -0.017 | -0.691 |  0.477 |  0.155 | torch.Size([180]) || layers.4.residual_group.blocks.4.mlp.fc2.bias
 | -12.109 | -100.000 |  0.000 | 32.624 | torch.Size([64, 64, 64]) || layers.4.residual_group.blocks.5.attn_mask
 |  1.253 |  0.631 |  1.626 |  0.178 | torch.Size([180]) || layers.4.residual_group.blocks.5.norm1.weight
 | -0.003 | -0.447 |  0.889 |  0.156 | torch.Size([180]) || layers.4.residual_group.blocks.5.norm1.bias
 | -0.048 | -1.547 |  1.207 |  0.224 | torch.Size([225, 6]) || layers.4.residual_group.blocks.5.attn.relative_position_bias_table
 | 112.000 |  0.000 | 224.000 | 48.719 | torch.Size([64, 64]) || layers.4.residual_group.blocks.5.attn.relative_position_index
 | -0.000 | -0.811 |  0.899 |  0.145 | torch.Size([540, 180]) || layers.4.residual_group.blocks.5.attn.qkv.weight
 |  0.003 | -0.256 |  0.259 |  0.073 | torch.Size([540]) || layers.4.residual_group.blocks.5.attn.qkv.bias
 | -0.001 | -0.981 |  0.979 |  0.212 | torch.Size([180, 180]) || layers.4.residual_group.blocks.5.attn.proj.weight
 | -0.008 | -0.390 |  0.387 |  0.169 | torch.Size([180]) || layers.4.residual_group.blocks.5.attn.proj.bias
 |  1.444 |  0.715 |  1.896 |  0.229 | torch.Size([180]) || layers.4.residual_group.blocks.5.norm2.weight
 |  0.001 | -0.274 |  0.263 |  0.075 | torch.Size([180]) || layers.4.residual_group.blocks.5.norm2.bias
 |  0.001 | -0.919 |  0.918 |  0.163 | torch.Size([360, 180]) || layers.4.residual_group.blocks.5.mlp.fc1.weight
 | -0.020 | -0.503 |  0.200 |  0.093 | torch.Size([360]) || layers.4.residual_group.blocks.5.mlp.fc1.bias
 | -0.005 | -1.744 |  2.036 |  0.270 | torch.Size([180, 360]) || layers.4.residual_group.blocks.5.mlp.fc2.weight
 | -0.035 | -0.303 |  0.225 |  0.110 | torch.Size([180]) || layers.4.residual_group.blocks.5.mlp.fc2.bias
 |  0.000 | -0.921 |  0.916 |  0.101 | torch.Size([180, 180, 3, 3]) || layers.4.conv.weight
 |  0.051 | -0.864 |  0.719 |  0.290 | torch.Size([180]) || layers.4.conv.bias
 |  1.187 |  0.695 |  1.623 |  0.169 | torch.Size([180]) || layers.5.residual_group.blocks.0.norm1.weight
 | -0.004 | -0.490 |  0.348 |  0.169 | torch.Size([180]) || layers.5.residual_group.blocks.0.norm1.bias
 | -0.014 | -1.066 |  1.234 |  0.150 | torch.Size([225, 6]) || layers.5.residual_group.blocks.0.attn.relative_position_bias_table
 | 112.000 |  0.000 | 224.000 | 48.719 | torch.Size([64, 64]) || layers.5.residual_group.blocks.0.attn.relative_position_index
 | -0.000 | -0.719 |  0.582 |  0.084 | torch.Size([540, 180]) || layers.5.residual_group.blocks.0.attn.qkv.weight
 |  0.004 | -0.221 |  0.211 |  0.068 | torch.Size([540]) || layers.5.residual_group.blocks.0.attn.qkv.bias
 | -0.000 | -0.735 |  0.681 |  0.107 | torch.Size([180, 180]) || layers.5.residual_group.blocks.0.attn.proj.weight
 |  0.016 | -0.227 |  0.259 |  0.110 | torch.Size([180]) || layers.5.residual_group.blocks.0.attn.proj.bias
 |  2.239 |  1.069 |  3.488 |  0.549 | torch.Size([180]) || layers.5.residual_group.blocks.0.norm2.weight
 |  0.016 | -0.480 |  0.357 |  0.191 | torch.Size([180]) || layers.5.residual_group.blocks.0.norm2.bias
 |  0.001 | -1.288 |  1.184 |  0.206 | torch.Size([360, 180]) || layers.5.residual_group.blocks.0.mlp.fc1.weight
 |  0.034 | -0.232 |  0.264 |  0.092 | torch.Size([360]) || layers.5.residual_group.blocks.0.mlp.fc1.bias
 | -0.002 | -1.591 |  1.566 |  0.216 | torch.Size([180, 360]) || layers.5.residual_group.blocks.0.mlp.fc2.weight
 |  0.003 | -0.190 |  0.249 |  0.079 | torch.Size([180]) || layers.5.residual_group.blocks.0.mlp.fc2.bias
 | -12.109 | -100.000 |  0.000 | 32.624 | torch.Size([64, 64, 64]) || layers.5.residual_group.blocks.1.attn_mask
 |  1.291 |  0.727 |  1.834 |  0.210 | torch.Size([180]) || layers.5.residual_group.blocks.1.norm1.weight
 |  0.007 | -0.601 |  0.425 |  0.191 | torch.Size([180]) || layers.5.residual_group.blocks.1.norm1.bias
 | -0.027 | -1.062 |  2.556 |  0.222 | torch.Size([225, 6]) || layers.5.residual_group.blocks.1.attn.relative_position_bias_table
 | 112.000 |  0.000 | 224.000 | 48.719 | torch.Size([64, 64]) || layers.5.residual_group.blocks.1.attn.relative_position_index
 |  0.000 | -0.771 |  0.690 |  0.093 | torch.Size([540, 180]) || layers.5.residual_group.blocks.1.attn.qkv.weight
 |  0.000 | -0.229 |  0.256 |  0.063 | torch.Size([540]) || layers.5.residual_group.blocks.1.attn.qkv.bias
 |  0.000 | -0.699 |  0.876 |  0.123 | torch.Size([180, 180]) || layers.5.residual_group.blocks.1.attn.proj.weight
 |  0.013 | -0.203 |  0.218 |  0.109 | torch.Size([180]) || layers.5.residual_group.blocks.1.attn.proj.bias
 |  2.493 |  1.031 |  3.749 |  0.557 | torch.Size([180]) || layers.5.residual_group.blocks.1.norm2.weight
 |  0.022 | -0.440 |  0.335 |  0.198 | torch.Size([180]) || layers.5.residual_group.blocks.1.norm2.bias
 |  0.001 | -1.067 |  1.180 |  0.212 | torch.Size([360, 180]) || layers.5.residual_group.blocks.1.mlp.fc1.weight
 |  0.023 | -0.395 |  0.275 |  0.101 | torch.Size([360]) || layers.5.residual_group.blocks.1.mlp.fc1.bias
 | -0.001 | -1.946 |  1.632 |  0.223 | torch.Size([180, 360]) || layers.5.residual_group.blocks.1.mlp.fc2.weight
 |  0.006 | -0.231 |  0.240 |  0.103 | torch.Size([180]) || layers.5.residual_group.blocks.1.mlp.fc2.bias
 |  1.082 |  0.634 |  1.413 |  0.147 | torch.Size([180]) || layers.5.residual_group.blocks.2.norm1.weight
 |  0.005 | -0.531 |  0.430 |  0.203 | torch.Size([180]) || layers.5.residual_group.blocks.2.norm1.bias
 | -0.003 | -1.019 |  1.369 |  0.105 | torch.Size([225, 6]) || layers.5.residual_group.blocks.2.attn.relative_position_bias_table
 | 112.000 |  0.000 | 224.000 | 48.719 | torch.Size([64, 64]) || layers.5.residual_group.blocks.2.attn.relative_position_index
 |  0.000 | -0.577 |  0.463 |  0.070 | torch.Size([540, 180]) || layers.5.residual_group.blocks.2.attn.qkv.weight
 |  0.002 | -0.166 |  0.198 |  0.061 | torch.Size([540]) || layers.5.residual_group.blocks.2.attn.qkv.bias
 |  0.000 | -0.458 |  0.445 |  0.076 | torch.Size([180, 180]) || layers.5.residual_group.blocks.2.attn.proj.weight
 |  0.007 | -0.204 |  0.209 |  0.104 | torch.Size([180]) || layers.5.residual_group.blocks.2.attn.proj.bias
 |  2.564 |  1.064 |  3.903 |  0.556 | torch.Size([180]) || layers.5.residual_group.blocks.2.norm2.weight
 |  0.028 | -0.350 |  0.396 |  0.213 | torch.Size([180]) || layers.5.residual_group.blocks.2.norm2.bias
 |  0.002 | -1.298 |  1.346 |  0.212 | torch.Size([360, 180]) || layers.5.residual_group.blocks.2.mlp.fc1.weight
 |  0.023 | -0.346 |  0.267 |  0.096 | torch.Size([360]) || layers.5.residual_group.blocks.2.mlp.fc1.bias
 | -0.002 | -1.575 |  1.937 |  0.236 | torch.Size([180, 360]) || layers.5.residual_group.blocks.2.mlp.fc2.weight
 |  0.002 | -0.225 |  0.223 |  0.104 | torch.Size([180]) || layers.5.residual_group.blocks.2.mlp.fc2.bias
 | -12.109 | -100.000 |  0.000 | 32.624 | torch.Size([64, 64, 64]) || layers.5.residual_group.blocks.3.attn_mask
 |  1.399 |  0.831 |  1.908 |  0.249 | torch.Size([180]) || layers.5.residual_group.blocks.3.norm1.weight
 |  0.013 | -0.484 |  0.471 |  0.236 | torch.Size([180]) || layers.5.residual_group.blocks.3.norm1.bias
 | -0.012 | -1.049 |  1.486 |  0.168 | torch.Size([225, 6]) || layers.5.residual_group.blocks.3.attn.relative_position_bias_table
 | 112.000 |  0.000 | 224.000 | 48.719 | torch.Size([64, 64]) || layers.5.residual_group.blocks.3.attn.relative_position_index
 | -0.000 | -0.719 |  0.798 |  0.095 | torch.Size([540, 180]) || layers.5.residual_group.blocks.3.attn.qkv.weight
 | -0.002 | -0.196 |  0.243 |  0.080 | torch.Size([540]) || layers.5.residual_group.blocks.3.attn.qkv.bias
 | -0.000 | -0.827 |  0.809 |  0.126 | torch.Size([180, 180]) || layers.5.residual_group.blocks.3.attn.proj.weight
 |  0.009 | -0.263 |  0.270 |  0.135 | torch.Size([180]) || layers.5.residual_group.blocks.3.attn.proj.bias
 |  2.536 |  1.031 |  3.633 |  0.544 | torch.Size([180]) || layers.5.residual_group.blocks.3.norm2.weight
 |  0.019 | -0.437 |  0.392 |  0.226 | torch.Size([180]) || layers.5.residual_group.blocks.3.norm2.bias
 |  0.002 | -1.212 |  1.087 |  0.211 | torch.Size([360, 180]) || layers.5.residual_group.blocks.3.mlp.fc1.weight
 |  0.040 | -0.319 |  0.293 |  0.093 | torch.Size([360]) || layers.5.residual_group.blocks.3.mlp.fc1.bias
 | -0.002 | -1.474 |  1.854 |  0.241 | torch.Size([180, 360]) || layers.5.residual_group.blocks.3.mlp.fc2.weight
 |  0.002 | -0.221 |  0.204 |  0.101 | torch.Size([180]) || layers.5.residual_group.blocks.3.mlp.fc2.bias
 |  1.138 |  0.657 |  1.502 |  0.171 | torch.Size([180]) || layers.5.residual_group.blocks.4.norm1.weight
 |  0.010 | -0.526 |  0.448 |  0.225 | torch.Size([180]) || layers.5.residual_group.blocks.4.norm1.bias
 | -0.002 | -0.482 |  0.938 |  0.097 | torch.Size([225, 6]) || layers.5.residual_group.blocks.4.attn.relative_position_bias_table
 | 112.000 |  0.000 | 224.000 | 48.719 | torch.Size([64, 64]) || layers.5.residual_group.blocks.4.attn.relative_position_index
 |  0.000 | -0.561 |  0.636 |  0.075 | torch.Size([540, 180]) || layers.5.residual_group.blocks.4.attn.qkv.weight
 |  0.001 | -0.209 |  0.206 |  0.078 | torch.Size([540]) || layers.5.residual_group.blocks.4.attn.qkv.bias
 |  0.000 | -0.634 |  0.782 |  0.082 | torch.Size([180, 180]) || layers.5.residual_group.blocks.4.attn.proj.weight
 |  0.005 | -0.277 |  0.264 |  0.127 | torch.Size([180]) || layers.5.residual_group.blocks.4.attn.proj.bias
 |  2.488 |  0.998 |  3.705 |  0.532 | torch.Size([180]) || layers.5.residual_group.blocks.4.norm2.weight
 |  0.021 | -0.466 |  0.460 |  0.226 | torch.Size([180]) || layers.5.residual_group.blocks.4.norm2.bias
 |  0.002 | -1.180 |  1.174 |  0.207 | torch.Size([360, 180]) || layers.5.residual_group.blocks.4.mlp.fc1.weight
 |  0.048 | -0.164 |  0.277 |  0.077 | torch.Size([360]) || layers.5.residual_group.blocks.4.mlp.fc1.bias
 | -0.003 | -1.829 |  1.865 |  0.243 | torch.Size([180, 360]) || layers.5.residual_group.blocks.4.mlp.fc2.weight
 | -0.001 | -0.210 |  0.191 |  0.092 | torch.Size([180]) || layers.5.residual_group.blocks.4.mlp.fc2.bias
 | -12.109 | -100.000 |  0.000 | 32.624 | torch.Size([64, 64, 64]) || layers.5.residual_group.blocks.5.attn_mask
 |  1.197 |  0.690 |  1.666 |  0.181 | torch.Size([180]) || layers.5.residual_group.blocks.5.norm1.weight
 |  0.001 | -0.477 |  0.416 |  0.240 | torch.Size([180]) || layers.5.residual_group.blocks.5.norm1.bias
 | -0.006 | -0.206 |  1.109 |  0.107 | torch.Size([225, 6]) || layers.5.residual_group.blocks.5.attn.relative_position_bias_table
 | 112.000 |  0.000 | 224.000 | 48.719 | torch.Size([64, 64]) || layers.5.residual_group.blocks.5.attn.relative_position_index
 |  0.000 | -0.803 |  0.813 |  0.076 | torch.Size([540, 180]) || layers.5.residual_group.blocks.5.attn.qkv.weight
 | -0.002 | -0.233 |  0.238 |  0.071 | torch.Size([540]) || layers.5.residual_group.blocks.5.attn.qkv.bias
 |  0.000 | -0.738 |  0.864 |  0.090 | torch.Size([180, 180]) || layers.5.residual_group.blocks.5.attn.proj.weight
 |  0.004 | -0.307 |  0.293 |  0.150 | torch.Size([180]) || layers.5.residual_group.blocks.5.attn.proj.bias
 |  2.383 |  1.012 |  3.506 |  0.515 | torch.Size([180]) || layers.5.residual_group.blocks.5.norm2.weight
 |  0.022 | -0.446 |  0.416 |  0.218 | torch.Size([180]) || layers.5.residual_group.blocks.5.norm2.bias
 |  0.002 | -1.264 |  1.219 |  0.202 | torch.Size([360, 180]) || layers.5.residual_group.blocks.5.mlp.fc1.weight
 |  0.047 | -0.288 |  0.251 |  0.074 | torch.Size([360]) || layers.5.residual_group.blocks.5.mlp.fc1.bias
 |  0.000 | -1.812 |  1.796 |  0.244 | torch.Size([180, 360]) || layers.5.residual_group.blocks.5.mlp.fc2.weight
 |  0.002 | -0.230 |  0.195 |  0.086 | torch.Size([180]) || layers.5.residual_group.blocks.5.mlp.fc2.bias
 | -0.000 | -6.478 |  5.613 |  0.133 | torch.Size([180, 180, 3, 3]) || layers.5.conv.weight
 |  0.002 | -0.860 |  0.140 |  0.075 | torch.Size([180]) || layers.5.conv.bias
 |  0.139 |  0.026 |  0.540 |  0.087 | torch.Size([180]) || norm.weight
 | -0.009 | -0.197 |  0.905 |  0.076 | torch.Size([180]) || norm.bias
 |  0.000 | -0.692 |  0.616 |  0.092 | torch.Size([180, 180, 3, 3]) || conv_after_body.weight
 | -0.007 | -0.401 |  0.408 |  0.096 | torch.Size([180]) || conv_after_body.bias
 |  0.000 | -0.783 |  0.865 |  0.073 | torch.Size([64, 180, 3, 3]) || conv_before_upsample.0.weight
 | -0.047 | -0.166 |  0.047 |  0.050 | torch.Size([64]) || conv_before_upsample.0.bias
 |  0.000 | -2.113 |  1.188 |  0.080 | torch.Size([256, 64, 3, 3]) || upsample.0.weight
 | -0.001 | -0.067 |  0.030 |  0.011 | torch.Size([256]) || upsample.0.bias
 |  0.000 | -0.288 |  0.263 |  0.028 | torch.Size([256, 64, 3, 3]) || upsample.2.weight
 | -0.000 | -0.034 |  0.037 |  0.007 | torch.Size([256]) || upsample.2.bias
 | -0.001 | -0.091 |  0.050 |  0.009 | torch.Size([3, 64, 3, 3]) || conv_last.weight
 |  0.043 |  0.037 |  0.054 |  0.010 | torch.Size([3]) || conv_last.bias

25-11-18 12:31:38.264 : <epoch:  0, iter:       1, lr:1.000e-05> G_loss: 2.793e-02 
25-11-18 12:31:38.744 : <epoch:  0, iter:       2, lr:1.000e-05> G_loss: 3.302e-03 
25-11-18 12:31:39.223 : <epoch:  0, iter:       3, lr:1.000e-05> G_loss: 2.442e-02 
25-11-18 12:31:39.706 : <epoch:  0, iter:       4, lr:1.000e-05> G_loss: 6.787e-02 
25-11-18 12:31:40.187 : <epoch:  0, iter:       5, lr:2.500e-06> G_loss: 6.781e-02 
25-11-18 12:31:40.669 : <epoch:  0, iter:       6, lr:5.000e-06> G_loss: 3.009e-02 
25-11-18 12:31:41.150 : <epoch:  0, iter:       7, lr:5.000e-06> G_loss: 3.047e-02 
25-11-18 12:31:41.632 : <epoch:  0, iter:       8, lr:1.250e-06> G_loss: 4.792e-02 
25-11-18 12:31:42.116 : <epoch:  0, iter:       9, lr:2.500e-06> G_loss: 2.096e-02 
25-11-18 12:31:42.597 : <epoch:  0, iter:      10, lr:2.500e-06> G_loss: 6.561e-02 
25-11-18 12:31:42.598 : Saving the model.
25-11-18 12:31:43.471 : <epoch:  0, iter:      11, lr:2.500e-06> G_loss: 1.999e-02 
